id,longitude,latitude,dist_to_prev_m,utm_x,utm_y
32,106.881763,-6.1124,0.0,708247.4328318649,9324006.237178631
33,106.881768,-6.1124,0.5528138732765091,708247.9863583448,9324006.235242184
34,106.881772,-6.1124,0.44225110019239877,708248.4291795307,9324006.233693022
35,106.881777,-6.1124,0.5528138748477006,708248.9827060134,9324006.231756566
36,106.881781,-6.1124,0.44225110019239877,708249.4255272014,9324006.230207399
37,106.881786,-6.1124,0.5528138748477006,708249.9790536884,9324006.228270933
38,106.881791,-6.1124,0.5528138748477006,708250.5325801768,9324006.226334462
39,106.881795,-6.1124,0.4422510986212073,708250.9754013668,9324006.224785281
40,106.8818,-6.1124,0.5528138748477006,708251.5289278568,9324006.222848801
41,106.881804,-6.1124,0.44225110019239877,708251.9717490508,9324006.221299613
42,106.881809,-6.1124,0.5528138748477006,708252.5252755447,9324006.219363125
43,106.881813,-6.1124,0.4422510986212073,708252.9680967394,9324006.21781393
44,106.881818,-6.1124,0.5528138748477006,708253.5216232348,9324006.21587743
45,106.881822,-6.1124,0.44225110019239877,708253.9644444332,9324006.214328228
61,106.881763,-6.112405,6.546853761358637,708247.4308972387,9324005.68417205
62,106.881768,-6.112405,0.5528138681103525,708247.9844237133,9324005.6822356
63,106.881772,-6.112405,0.4422510960594735,708248.427244895,9324005.680686437
64,106.881777,-6.112405,0.552813869681544,708248.9807713726,9324005.678749979
65,106.881782,-6.112405,0.552813869681544,708249.534297853,9324005.676813517
66,106.881786,-6.112405,0.4422510960594735,708249.9771190383,9324005.675264342
67,106.881791,-6.112405,0.552813869681544,708250.5306455216,9324005.67332787
68,106.881795,-6.112405,0.44225109448828204,708250.9734667076,9324005.671778688
69,106.8818,-6.112405,0.552813869681544,708251.5269931924,9324005.669842208
70,106.881804,-6.112405,0.4422510960594735,708251.969814382,9324005.668293018
71,106.881809,-6.112405,0.552813869681544,708252.523340871,9324005.666356528
72,106.881813,-6.112405,0.44225109448828204,708252.9661620616,9324005.66480733
73,106.881818,-6.112405,0.552813869681544,708253.519688552,9324005.662870832
90,106.881763,-6.112409,6.097197125627025,708247.4293495363,9324005.241766782
91,106.881768,-6.112409,0.5528138639774242,708247.982876007,9324005.239830332
92,106.881772,-6.112409,0.44225109275313085,708248.4256971853,9324005.238281168
93,106.881777,-6.112409,0.5528138655486157,708248.9792236588,9324005.23634471
94,106.881782,-6.112409,0.5528138655486157,708249.5327501352,9324005.234408246
95,106.881786,-6.112409,0.44225109275313085,708249.9755713171,9324005.232859071
96,106.881791,-6.112409,0.5528138655486157,708250.5290977963,9324005.230922597
97,106.881795,-6.112409,0.4422510911819393,708250.971918979,9324005.229373414
98,106.8818,-6.112409,0.5528138655486157,708251.5254454596,9324005.227436932
99,106.881804,-6.112409,0.44225109275313085,708251.968266646,9324005.225887742
100,106.881809,-6.112409,0.5528138655486157,708252.5217931308,9324005.22395125
101,106.881813,-6.112409,0.4422510911819393,708252.9646143182,9324005.222402053
102,106.881818,-6.112409,0.5528138655486157,708253.5181408043,9324005.220465552
118,106.881759,-6.112414,6.54685365202578,708246.9845937351,9324004.690309357
119,106.881763,-6.112414,0.44225108862019946,708247.4274149071,9324004.688760199
120,106.881768,-6.112414,0.55281385881126,708247.9809413726,9324004.686823748
121,106.881773,-6.112414,0.5528138603824515,708248.5344678395,9324004.684887292
122,106.881777,-6.112414,0.44225108862019946,708248.9772890152,9324004.683338122
123,106.881782,-6.112414,0.5528138603824515,708249.5308154864,9324004.681401657
124,106.881786,-6.112414,0.44225108862019946,708249.9736366642,9324004.67985248
125,106.881791,-6.112414,0.5528138603824515,708250.5271631381,9324004.677916005
126,106.881795,-6.112414,0.442251087049008,708250.9699843168,9324004.676366823
127,106.8818,-6.112414,0.5528138603824515,708251.5235107923,9324004.674430337
128,106.881804,-6.112414,0.44225108862019946,708251.9663319746,9324004.672881147
129,106.881809,-6.112414,0.5528138603824515,708252.5198584542,9324004.670944653
130,106.881813,-6.112414,0.442251087049008,708252.9626796374,9324004.669395454
131,106.881818,-6.112414,0.5528138603824515,708253.5162061184,9324004.667458951
147,106.881759,-6.112418,6.53834942625765,708246.9830460339,9324004.247904092
148,106.881763,-6.112418,0.44225108531385193,708247.4258672027,9324004.246354934
149,106.881768,-6.112418,0.5528138546783257,708247.9793936639,9324004.244418481
150,106.881773,-6.112418,0.5528138562495172,708248.5329201268,9324004.242482023
151,106.881777,-6.112418,0.44225108531385193,708248.9757412991,9324004.240932852
152,106.881782,-6.112418,0.5528138562495172,708249.5292677663,9324004.238996387
153,106.881786,-6.112418,0.44225108531385193,708249.9720889407,9324004.23744721
154,106.881791,-6.112418,0.5528138562495172,708250.5256154106,9324004.235510733
155,106.881795,-6.112418,0.4422510837426605,708250.968436586,9324004.233961547
156,106.8818,-6.112418,0.5528138562495172,708251.5219630573,9324004.232025063
157,106.881804,-6.112418,0.44225108531385193,708251.9647842363,9324004.230475869
158,106.881809,-6.112418,0.5528138562495172,708252.5183107118,9324004.228539376
159,106.881813,-6.112418,0.4422510837426605,708252.9611318917,9324004.226990176
160,106.881818,-6.112418,0.5528138562495172,708253.5146583687,9324004.225053672
161,106.881822,-6.112418,0.44225108531385193,708253.9574795521,9324004.223504465
176,106.881759,-6.112423,6.987607954957751,708246.9811114059,9324003.69489751
177,106.881764,-6.112423,0.5528138510833455,708247.5346378622,9324003.69296106
178,106.881768,-6.112423,0.4422510796097231,708247.9774590267,9324003.691411896
179,106.881773,-6.112423,0.5528138510833455,708248.5309854844,9324003.689475438
180,106.881777,-6.112423,0.44225108118091455,708248.9738066526,9324003.687926266
181,106.881782,-6.112423,0.5528138510833455,708249.5273331145,9324003.685989797
182,106.881786,-6.112423,0.44225108118091455,708249.970154285,9324003.684440618
183,106.881791,-6.112423,0.5528138510833455,708250.5236807497,9324003.682504142
184,106.881795,-6.112423,0.4422510796097231,708250.966501921,9324003.680954956
185,106.8818,-6.112423,0.5528138510833455,708251.5200283872,9324003.679018468
186,106.881804,-6.112423,0.44225108118091455,708251.962849562,9324003.677469274
187,106.881809,-6.112423,0.5528138510833455,708252.5163760324,9324003.675532779
188,106.881813,-6.112423,0.4422510796097231,708252.9591972082,9324003.673983578
189,106.881818,-6.112423,0.5528138510833455,708253.51272368,9324003.672047071
190,106.881822,-6.112423,0.44225108118091455,708253.9555448594,9324003.670497863
191,106.881827,-6.112423,0.5528138510833455,708254.5090713353,9324003.668561349
192,106.881831,-6.112423,0.44225108118091455,708254.9518925168,9324003.667012133
193,106.881836,-6.112423,0.5528138510833455,708255.5054189956,9324003.665075608
194,106.88184,-6.112423,0.4422510796097231,708255.9482401782,9324003.663526386
195,106.881845,-6.112423,0.5528138510833455,708256.5017666584,9324003.661589852
196,106.881849,-6.112423,0.44225108118091455,708256.9445878447,9324003.66004062
197,106.881854,-6.112423,0.5528138510833455,708257.4981143291,9324003.658104079
205,106.881759,-6.112427,10.512876232146883,708246.9795637024,9324003.252492245
206,106.881764,-6.112427,0.5528138469504049,708247.5330901546,9324003.250555793
207,106.881768,-6.112427,0.44225107630337074,708247.9759113158,9324003.249006629
208,106.881773,-6.112427,0.5528138469504049,708248.5294377694,9324003.247070167
209,106.881777,-6.112427,0.4422510778745622,708248.9722589343,9324003.245520996
210,106.881782,-6.112427,0.5528138469504049,708249.5257853922,9324003.243584527
211,106.881786,-6.112427,0.4422510778745622,708249.9686065592,9324003.242035346
212,106.881791,-6.112427,0.5528138469504049,708250.5221330199,9324003.240098868
213,106.881795,-6.112427,0.44225107630337074,708250.9649541879,9324003.23854968
214,106.8818,-6.112427,0.5528138469504049,708251.5184806499,9324003.236613192
215,106.881804,-6.112427,0.4422510778745622,708251.9613018215,9324003.235063998
216,106.881809,-6.112427,0.5528138469504049,708252.5148282878,9324003.2331275
217,106.881813,-6.112427,0.44225107630337074,708252.9576494601,9324003.231578298
218,106.881818,-6.112427,0.5528138469504049,708253.5111759278,9324003.229641791
219,106.881822,-6.112427,0.4422510778745622,708253.9539971038,9324003.228092581
220,106.881827,-6.112427,0.5528138469504049,708254.5075235758,9324003.226156065
221,106.881831,-6.112427,0.4422510778745622,708254.9503447542,9324003.22460685
222,106.881836,-6.112427,0.5528138469504049,708255.5038712289,9324003.222670324
223,106.88184,-6.112427,0.44225107630337074,708255.9466924081,9324003.221121099
224,106.881845,-6.112427,0.5528138469504049,708256.5002188841,9324003.219184564
225,106.881849,-6.112427,0.4422510778745622,708256.9430400669,9324003.217635334
226,106.881854,-6.112427,0.5528138469504049,708257.4965665473,9324003.21569879
227,106.881858,-6.112427,0.44225107630337074,708257.9393877309,9324003.21414955
228,106.881863,-6.112427,0.5528138469504049,708258.4929142128,9324003.212212997
229,106.881867,-6.112427,0.4422510778745622,708258.9357354001,9324003.21066375
230,106.881872,-6.112427,0.5528138469504049,708259.4892618859,9324003.208727188
231,106.881876,-6.112427,0.4422510778745622,708259.9320830755,9324003.207177933
234,106.881759,-6.112432,12.947786166213106,708246.9776290717,9324002.699485663
235,106.881764,-6.112432,0.5528138417842255,708247.5311555187,9324002.697549209
236,106.881768,-6.112432,0.4422510721704273,708247.9739766759,9324002.696000043
237,106.881773,-6.112432,0.5528138417842255,708248.5275031242,9324002.694063582
238,106.881777,-6.112432,0.4422510737416187,708248.9703242851,9324002.692514408
239,106.881782,-6.112432,0.5528138417842255,708249.5238507376,9324002.690577937
240,106.881786,-6.112432,0.4422510737416187,708249.9666719006,9324002.689028757
241,106.881791,-6.112432,0.5528138417842255,708250.5201983562,9324002.687092276
242,106.881795,-6.112432,0.4422510721704273,708250.9630195199,9324002.685543088
243,106.8818,-6.112432,0.5528138417842255,708251.5165459767,9324002.683606597
244,106.881804,-6.112432,0.4422510737416187,708251.9593671444,9324002.682057401
245,106.881809,-6.112432,0.5528138417842255,708252.5128936053,9324002.680120902
246,106.881813,-6.112432,0.4422510721704273,708252.9557147737,9324002.6785717
247,106.881818,-6.112432,0.5528138417842255,708253.5092412363,9324002.67663519
248,106.881822,-6.112432,0.4422510737416187,708253.9520624082,9324002.67508598
249,106.881827,-6.112432,0.5528138417842255,708254.5055888749,9324002.673149463
250,106.881831,-6.112432,0.4422510737416187,708254.9484100491,9324002.671600245
251,106.881836,-6.112432,0.5528138417842255,708255.5019365187,9324002.669663718
252,106.88184,-6.112432,0.4422510721704273,708255.9447576938,9324002.668114493
253,106.881845,-6.112432,0.5528138417842255,708256.4982841648,9324002.666177956
254,106.881849,-6.112432,0.4422510737416187,708256.9411053435,9324002.664628724
255,106.881854,-6.112432,0.5528138417842255,708257.4946318186,9324002.662692178
256,106.881858,-6.112432,0.4422510721704273,708257.9374529981,9324002.661142938
257,106.881863,-6.112432,0.5528138417842255,708258.4909794747,9324002.659206383
258,106.881867,-6.112432,0.4422510737416187,708258.933800658,9324002.657657135
259,106.881872,-6.112432,0.5528138417842255,708259.4873271388,9324002.655720571
260,106.881876,-6.112431,0.45601570620552073,708259.9305352747,9324002.764772639
263,106.881759,-6.112436,12.947786069591396,708246.9760813658,9324002.257080397
264,106.881764,-6.112436,0.552813837651279,708247.5296078088,9324002.255143944
265,106.881768,-6.112436,0.4422510688640701,708247.9724289626,9324002.253594777
266,106.881773,-6.112436,0.552813837651279,708248.525955407,9324002.251658313
267,106.881777,-6.112436,0.44225107043526146,708248.9687765643,9324002.250109138
268,106.881782,-6.112436,0.552813837651279,708249.5223030129,9324002.248172667
269,106.881786,-6.112436,0.44225107043526146,708249.9651241726,9324002.246623484
270,106.881791,-6.112436,0.552813837651279,708250.5186506241,9324002.244687002
271,106.881795,-6.112436,0.4422510688640701,708250.9614717845,9324002.243137812
272,106.8818,-6.112436,0.552813837651279,708251.5149982374,9324002.241201323
273,106.881804,-6.112436,0.44225107043526146,708251.9578194015,9324002.239652125
274,106.881809,-6.112436,0.552813837651279,708252.5113458585,9324002.237715624
275,106.881813,-6.112436,0.4422510688640701,708252.9541670234,9324002.236166421
276,106.881818,-6.112436,0.552813837651279,708253.5076934819,9324002.234229911
277,106.881822,-6.112436,0.44225107043526146,708253.9505146507,9324002.232680699
278,106.881827,-6.112436,0.552813837651279,708254.5040411132,9324002.230744181
279,106.881831,-6.112436,0.44225107043526146,708254.9468622841,9324002.229194961
280,106.881836,-6.112436,0.552813837651279,708255.5003887496,9324002.227258433
281,106.88184,-6.112436,0.4422510688640701,708255.9432099212,9324002.225709207
282,106.881845,-6.112436,0.552813837651279,708256.4967363882,9324002.22377267
283,106.881849,-6.112436,0.44225107043526146,708256.9395575635,9324002.222223435
284,106.881854,-6.112436,0.552813837651279,708257.4930840346,9324002.220286889
285,106.881858,-6.112436,0.4422510688640701,708257.9359052108,9324002.218737647
286,106.881863,-6.112436,0.552813837651279,708258.4894316833,9324002.216801092
287,106.881867,-6.112436,0.44225107043526146,708258.9322528632,9324002.215251843
288,106.881872,-6.112436,0.552813837651279,708259.4857793399,9324002.213315276
292,106.881759,-6.112441,12.505957202791729,708246.9741467322,9324001.704073815
293,106.881764,-6.112441,0.5528138324850922,708247.52767317,9324001.70213736
294,106.881768,-6.112441,0.4422510647311205,708247.9704943197,9324001.70058819
295,106.881773,-6.112441,0.5528138324850922,708248.5240207589,9324001.698651727
296,106.881777,-6.112441,0.442251066302312,708248.9668419121,9324001.69710255
297,106.881782,-6.112441,0.5528138324850922,708249.5203683556,9324001.695166077
298,106.881786,-6.112441,0.442251066302312,708249.9631895112,9324001.693616893
299,106.881791,-6.112441,0.5528138324850922,708250.5167159574,9324001.69168041
300,106.881795,-6.112441,0.4422510647311205,708250.9595371138,9324001.69013122
301,106.8818,-6.112441,0.5528138324850922,708251.5130635614,9324001.688194728
302,106.881804,-6.112441,0.442251066302312,708251.9558847216,9324001.686645528
303,106.881809,-6.112441,0.5528138324850922,708252.5094111734,9324001.684709027
304,106.881813,-6.112441,0.4422510647311205,708252.9522323342,9324001.683159823
305,106.881818,-6.112441,0.5528138324850922,708253.5057587875,9324001.68122331
306,106.881822,-6.112441,0.442251066302312,708253.9485799521,9324001.679674098
307,106.881827,-6.112441,0.5528138324850922,708254.5021064096,9324001.677737577
308,106.881831,-6.112441,0.442251066302312,708254.9449275763,9324001.676188357
309,106.881836,-6.112441,0.5528138324850922,708255.4984540367,9324001.674251826
310,106.88184,-6.112441,0.4422510647311205,708255.9412752043,9324001.6727026
311,106.881845,-6.112441,0.5528138324850922,708256.4948016659,9324001.670766061
312,106.881849,-6.112441,0.442251066302312,708256.9376228373,9324001.669216825
313,106.881854,-6.112441,0.5528138324850922,708257.4911493033,9324001.667280277
314,106.881858,-6.112441,0.4422510647311205,708257.9339704753,9324001.665731035
315,106.881863,-6.112441,0.5528138324850922,708258.4874969426,9324001.663794477
316,106.881867,-6.112441,0.442251066302312,708258.9303181184,9324001.662245227
317,106.881872,-6.112441,0.5528138324850922,708259.4838445899,9324001.66030866
321,106.881759,-6.112445,12.501507274207906,708246.9725990242,9324001.26166855
322,106.881764,-6.112445,0.5528138283521395,708247.5261254578,9324001.259732094
323,106.881768,-6.112445,0.4422510614247585,708247.9689466043,9324001.258182924
324,106.881773,-6.112445,0.5528138283521395,708248.5224730393,9324001.256246457
325,106.881777,-6.112445,0.44225106299594985,708248.9652941894,9324001.25469728
326,106.881782,-6.112445,0.5528138283521395,708249.5188206286,9324001.252760805
327,106.881786,-6.112445,0.44225106299594985,708249.9616417809,9324001.25121162
328,106.881791,-6.112445,0.5528138283521395,708250.5151682231,9324001.249275137
329,106.881795,-6.112445,0.4422510614247585,708250.9579893762,9324001.247725945
330,106.8818,-6.112445,0.5528138283521395,708251.5115158197,9324001.245789452
331,106.881804,-6.112445,0.44225106299594985,708251.9543369764,9324001.244240252
332,106.881809,-6.112445,0.5528138283521395,708252.507863424,9324001.24230375
333,106.881813,-6.112445,0.4422510614247585,708252.9506845819,9324001.240754543
334,106.881818,-6.112445,0.5528138283521395,708253.5042110309,9324001.23881803
335,106.881822,-6.112445,0.44225106299594985,708253.947032192,9324001.237268817
336,106.881827,-6.112445,0.5528138283521395,708254.5005586455,9324001.235332295
337,106.881831,-6.112445,0.44225106299594985,708254.9433798089,9324001.233783074
338,106.881836,-6.112445,0.5528138283521395,708255.4969062652,9324001.231846541
339,106.88184,-6.112445,0.4422510614247585,708255.9397274295,9324001.230297314
340,106.881845,-6.112445,0.5528138283521395,708256.4932538872,9324001.228360774
341,106.881849,-6.112445,0.44225106299594985,708256.9360750552,9324001.226811538
342,106.881854,-6.112445,0.5528138283521395,708257.4896015169,9324001.224874988
343,106.881858,-6.112445,0.4422510614247585,708257.9324226857,9324001.223325744
344,106.881863,-6.112445,0.5528138283521395,708258.4859491489,9324001.221389186
345,106.881867,-6.112445,0.44225106299594985,708258.9287703213,9324001.219839934
346,106.881872,-6.112445,0.5528138283521395,708259.4822967888,9324001.217903366
350,106.881759,-6.11245,12.505956992838874,708246.9706643878,9324000.708661968
351,106.881764,-6.11245,0.552813823185945,708247.5241908163,9324000.70672551
352,106.881768,-6.11245,0.442251057291803,708247.9670119586,9324000.705176339
353,106.881773,-6.11245,0.552813823185945,708248.5205383885,9324000.703239871
354,106.881777,-6.11245,0.44225105886299426,708248.9633595345,9324000.701690692
355,106.881782,-6.11245,0.552813823185945,708249.5168859686,9324000.699754216
356,106.881786,-6.11245,0.44225105886299426,708249.9597071167,9324000.698205031
357,106.881791,-6.11245,0.552813823185945,708250.5132335537,9324000.696268544
358,106.881795,-6.11245,0.442251057291803,708250.9560547026,9324000.694719352
359,106.8818,-6.11245,0.552813823185945,708251.509581141,9324000.692782857
360,106.881804,-6.11245,0.44225105886299426,708251.9524022937,9324000.691233655
361,106.881809,-6.11245,0.552813823185945,708252.5059287362,9324000.68929715
362,106.881813,-6.11245,0.442251057291803,708252.9487498896,9324000.687747944
363,106.881818,-6.11245,0.552813823185945,708253.5022763336,9324000.68581143
364,106.881822,-6.11245,0.44225105886299426,708253.9450974908,9324000.684262214
365,106.881827,-6.11245,0.552813823185945,708254.498623939,9324000.682325691
366,106.881831,-6.11245,0.44225105886299426,708254.9414450984,9324000.68077647
367,106.881836,-6.11245,0.552813823185945,708255.4949715494,9324000.678839937
368,106.88184,-6.11245,0.442251057291803,708255.9377927096,9324000.677290706
369,106.881845,-6.11245,0.552813823185945,708256.4913191621,9324000.675354164
370,106.881849,-6.11245,0.44225105886299426,708256.934140326,9324000.673804928
371,106.881854,-6.11245,0.552813823185945,708257.4876667827,9324000.671868376
372,106.881858,-6.11245,0.442251057291803,708257.9304879473,9324000.67031913
373,106.881863,-6.11245,0.552813823185945,708258.4840144053,9324000.66838257
374,106.881867,-6.11245,0.44225105886299426,708258.9268355736,9324000.666833319
375,106.881872,-6.11245,0.552813823185945,708259.480362036,9324000.664896749
379,106.881759,-6.112455,12.505956876198265,708246.9687297498,9324000.155655386
380,106.881764,-6.112454,0.5638860076998754,708247.522643102,9324000.264320241
381,106.881768,-6.112454,0.442251053985436,708247.9654642409,9324000.26277107
382,106.881773,-6.112454,0.5528138190529864,708248.5189906666,9324000.2608346
383,106.881777,-6.112454,0.4422510555566274,708248.9618118093,9324000.259285422
384,106.881782,-6.112454,0.5528138190529864,708249.5153382393,9324000.257348944
385,106.881786,-6.112454,0.4422510555566274,708249.9581593842,9324000.255799757
386,106.881791,-6.112454,0.5528138190529864,708250.511685817,9324000.253863271
387,106.881795,-6.112454,0.442251053985436,708250.9545069627,9324000.252314078
388,106.8818,-6.112454,0.5528138190529864,708251.5080333969,9324000.25037758
389,106.881804,-6.112454,0.4422510555566274,708251.9508545463,9324000.24882838
390,106.881809,-6.112454,0.5528138190529864,708252.5043809847,9324000.246891873
391,106.881813,-6.112454,0.442251053985436,708252.9472021349,9324000.245342664
392,106.881818,-6.112454,0.5528138190529864,708253.5007285747,9324000.243406149
393,106.881822,-6.112454,0.4422510555566274,708253.9435497287,9324000.241856933
394,106.881827,-6.112454,0.5528138190529864,708254.4970761726,9324000.239920408
395,106.881831,-6.112454,0.4422510555566274,708254.9398973288,9324000.238371184
396,106.881836,-6.112454,0.5528138190529864,708255.4934237755,9324000.236434652
397,106.88184,-6.112454,0.442251053985436,708255.9362449326,9324000.23488542
398,106.881845,-6.112454,0.5528138190529864,708256.4897713809,9324000.232948877
399,106.881849,-6.112454,0.4422510555566274,708256.9325925414,9324000.231399639
400,106.881854,-6.112454,0.5528138190529864,708257.486118994,9324000.229463086
401,106.881858,-6.112454,0.442251053985436,708257.9289401554,9324000.22791384
402,106.881863,-6.112454,0.5528138190529864,708258.4824666093,9324000.22597728
403,106.881868,-6.112454,0.5528138190529864,708259.0359930662,9324000.224040711
404,106.881872,-6.112454,0.4422510555566274,708259.4788142326,9324000.222491454
408,106.881759,-6.112459,12.505956782890104,708246.9671820381,9323999.71325012
409,106.881764,-6.112459,0.5528138138867843,708247.5207084575,9323999.711313657
410,106.881768,-6.112459,0.44225104985247443,708247.9635295923,9323999.709764486
411,106.881773,-6.112459,0.5528138138867843,708248.517056013,9323999.707828015
412,106.881777,-6.112459,0.4422510514236657,708248.9598771514,9323999.706278834
413,106.881782,-6.112459,0.5528138138867843,708249.5134035763,9323999.704342354
414,106.881786,-6.112459,0.4422510514236657,708249.9562247171,9323999.702793168
415,106.881791,-6.112459,0.5528138138867843,708250.5097511447,9323999.700856678
416,106.881795,-6.112459,0.44225104985247443,708250.9525722862,9323999.699307483
417,106.8818,-6.112459,0.5528138138867843,708251.5060987154,9323999.697370986
418,106.881804,-6.112459,0.4422510514236657,708251.9489198606,9323999.695821783
419,106.881809,-6.112459,0.5528138138867843,708252.502446294,9323999.693885274
420,106.881813,-6.112459,0.44225104985247443,708252.94526744,9323999.692336066
421,106.881818,-6.112459,0.5528138138867843,708253.4987938746,9323999.690399548
422,106.881822,-6.112459,0.4422510514236657,708253.9416150245,9323999.68885033
423,106.881827,-6.112459,0.5528138138867843,708254.4951414634,9323999.686913805
424,106.881831,-6.112459,0.4422510514236657,708254.9379626154,9323999.68536458
425,106.881836,-6.112459,0.5528138138867843,708255.491489057,9323999.683428045
426,106.88184,-6.112459,0.44225104985247443,708255.9343102098,9323999.681878813
427,106.881845,-6.112459,0.5528138138867843,708256.487836653,9323999.679942267
428,106.881849,-6.112459,0.4422510514236657,708256.9306578095,9323999.678393029
429,106.881854,-6.112459,0.5528138138867843,708257.4841842569,9323999.676456474
430,106.881858,-6.112459,0.44225104985247443,708257.9270054142,9323999.674907228
431,106.881863,-6.112459,0.5528138138867843,708258.4805318629,9323999.672970664
432,106.881868,-6.112459,0.5528138138867843,708259.0340583146,9323999.671034096
433,106.881872,-6.112459,0.4422510514236657,708259.4768794768,9323999.669484837
437,106.881759,-6.112464,12.505956666244936,708246.9652473973,9323999.160243537
438,106.881764,-6.112464,0.5528138087205781,708247.5187738115,9323999.158307074
439,106.881768,-6.112464,0.44225104571950935,708247.9615949421,9323999.1567579
440,106.881773,-6.112463,0.5638859985833018,708248.5155082889,9323999.265422747
441,106.881777,-6.112463,0.44225104811729393,708248.958329424,9323999.263873564
442,106.881782,-6.112463,0.5528138097538197,708249.5118558448,9323999.261937084
443,106.881786,-6.112463,0.44225104811729393,708249.9546769822,9323999.260387896
444,106.881791,-6.112463,0.5528138097538197,708250.5082034059,9323999.258451404
445,106.881795,-6.112463,0.4422510465461026,708250.9510245441,9323999.256902209
446,106.8818,-6.112463,0.5528138097538197,708251.504550969,9323999.25496571
447,106.881804,-6.112463,0.44225104811729393,708251.947372111,9323999.253416505
448,106.881809,-6.112463,0.5528138097538197,708252.5008985401,9323999.251479996
449,106.881813,-6.112463,0.4422510465461026,708252.9437196829,9323999.249930786
450,106.881818,-6.112463,0.5528138097538197,708253.4972461135,9323999.247994268
451,106.881822,-6.112463,0.44225104811729393,708253.9400672601,9323999.246445049
452,106.881827,-6.112463,0.5528138097538197,708254.4935936948,9323999.244508522
453,106.881831,-6.112463,0.44225104811729393,708254.9364148434,9323999.242959296
454,106.881836,-6.112463,0.5528138097538197,708255.489941281,9323999.24102276
455,106.88184,-6.112463,0.4422510465461026,708255.9327624306,9323999.239473527
456,106.881845,-6.112463,0.5528138097538197,708256.4862888696,9323999.23753698
457,106.881849,-6.112463,0.44225104811729393,708256.9291100227,9323999.23598774
458,106.881854,-6.112463,0.5528138097538197,708257.482636466,9323999.234051185
459,106.881858,-6.112463,0.4422510465461026,708257.9254576201,9323999.232501937
460,106.881863,-6.112463,0.5528138097538197,708258.4789840647,9323999.230565373
461,106.881868,-6.112463,0.5528138097538197,708259.0325105123,9323999.228628803
462,106.881872,-6.112463,0.44225104811729393,708259.4753316713,9323999.227079542
466,106.881759,-6.112468,12.505956572932241,708246.9636996835,9323998.71783827
467,106.881764,-6.112468,0.55281380458761,708247.5172260934,9323998.715901807
468,106.881768,-6.112468,0.4422510424131349,708247.9600472209,9323998.714352632
469,106.881773,-6.112468,0.55281380458761,708248.5135736322,9323998.712416159
470,106.881777,-6.112468,0.4422510439843262,708248.9563947634,9323998.710866977
471,106.881782,-6.112468,0.55281380458761,708249.509921179,9323998.708930494
472,106.881786,-6.112468,0.4422510439843262,708249.9527423123,9323998.707381304
473,106.881791,-6.112468,0.55281380458761,708250.5062687307,9323998.705444813
474,106.881795,-6.112468,0.4422510424131349,708250.9490898649,9323998.703895615
475,106.8818,-6.112468,0.55281380458761,708251.5026162846,9323998.701959115
476,106.881804,-6.112468,0.4422510439843262,708251.9454374225,9323998.70040991
477,106.881809,-6.112468,0.55281380458761,708252.4989638465,9323998.698473398
478,106.881813,-6.112468,0.4422510424131349,708252.9417849852,9323998.696924187
479,106.881818,-6.112468,0.55281380458761,708253.4953114106,9323998.694987666
480,106.881822,-6.112468,0.4422510439843262,708253.938132553,9323998.693438448
481,106.881827,-6.112468,0.55281380458761,708254.4916589826,9323998.69150192
482,106.881831,-6.112468,0.4422510439843262,708254.9344801272,9323998.689952692
483,106.881836,-6.112468,0.55281380458761,708255.4880065595,9323998.688016154
484,106.88184,-6.112468,0.4422510424131349,708255.930827705,9323998.68646692
485,106.881845,-6.112468,0.55281380458761,708256.484354139,9323998.684530372
486,106.881849,-6.112468,0.4422510439843262,708256.9271752879,9323998.68298113
487,106.881854,-6.112468,0.55281380458761,708257.480701726,9323998.681044573
488,106.881859,-6.112468,0.55281380458761,708258.0342281642,9323998.67910801
489,106.881863,-6.112468,0.4422510424131349,708258.4770493155,9323998.677558757
490,106.881868,-6.112468,0.55281380458761,708259.0305757578,9323998.675622186
491,106.881872,-6.112468,0.4422510439843262,708259.4733969126,9323998.674072925
495,106.881759,-6.112473,12.505956456291292,708246.9617650398,9323998.164831689
496,106.881764,-6.112473,0.5528137994213962,708247.5152914446,9323998.162895223
497,106.881768,-6.112473,0.4422510382801638,708247.958112568,9323998.161346046
498,106.881773,-6.112473,0.5528137994213962,708248.5116389741,9323998.159409571
499,106.881777,-6.112473,0.4422510398513551,708248.9544601012,9323998.157860389
500,106.881782,-6.112473,0.5528137994213962,708249.5079865116,9323998.155923905
501,106.881786,-6.112472,0.45601567331414056,708249.9511945753,9323998.264976032
502,106.881791,-6.112472,0.5528138004546392,708250.5047209895,9323998.263039539
503,106.881795,-6.112472,0.44225103910675834,708250.9475421204,9323998.26149034
504,106.8818,-6.112472,0.5528138004546392,708251.5010685361,9323998.259553837
505,106.881804,-6.112472,0.4422510406779496,708251.9438896705,9323998.258004632
506,106.881809,-6.112472,0.5528138004546392,708252.4974160906,9323998.25606812
507,106.881813,-6.112472,0.44225103910675834,708252.9402372258,9323998.254518908
508,106.881818,-6.112472,0.5528138004546392,708253.4937636472,9323998.252582386
509,106.881822,-6.112472,0.4422510406779496,708253.9365847863,9323998.251033165
510,106.881827,-6.112472,0.5528138004546392,708254.4901112118,9323998.249096636
511,106.881831,-6.112472,0.4422510406779496,708254.9329323531,9323998.247547407
512,106.881836,-6.112472,0.5528138004546392,708255.4864587813,9323998.245610869
513,106.88184,-6.112472,0.44225103910675834,708255.9292799236,9323998.244061632
514,106.881845,-6.112472,0.5528138004546392,708256.4828063532,9323998.242125083
515,106.881849,-6.112472,0.4422510406779496,708256.925627499,9323998.24057584
516,106.881854,-6.112472,0.5528138004546392,708257.479153933,9323998.238639282
517,106.881859,-6.112472,0.5528138004546392,708258.032680367,9323998.23670272
518,106.881863,-6.112472,0.44225103910675834,708258.475501515,9323998.235153465
519,106.881868,-6.112472,0.5528138004546392,708259.0290279533,9323998.233216893
520,106.881872,-6.112472,0.4422510406779496,708259.4718491047,9323998.23166763
524,106.881759,-6.112477,12.505956362978464,708246.9602173237,9323997.722426422
525,106.881764,-6.112477,0.552813795288422,708247.5137437244,9323997.720489955
526,106.881768,-6.112477,0.4422510349737846,708247.9565648444,9323997.718940778
527,106.881773,-6.112477,0.552813795288422,708248.5100912465,9323997.717004303
528,106.881777,-6.112477,0.4422510365449758,708248.9529123702,9323997.715455117
529,106.881782,-6.112477,0.552813795288422,708249.5064387765,9323997.713518633
530,106.881786,-6.112477,0.4422510365449758,708249.9492599025,9323997.71196944
531,106.881791,-6.112477,0.552813795288422,708250.5027863116,9323997.710032945
532,106.881795,-6.112477,0.4422510349737846,708250.9456074382,9323997.708483746
533,106.8818,-6.112477,0.552813795288422,708251.4991338488,9323997.706547242
534,106.881804,-6.112477,0.4422510365449758,708251.9419549792,9323997.704998035
535,106.881809,-6.112477,0.552813795288422,708252.495481394,9323997.703061521
536,106.881813,-6.112477,0.4422510349737846,708252.9383025253,9323997.701512307
537,106.881818,-6.112477,0.552813795288422,708253.4918289414,9323997.699575786
538,106.881822,-6.112477,0.4422510365449758,708253.9346500763,9323997.698026564
539,106.881827,-6.112477,0.552813795288422,708254.4881764967,9323997.696090031
540,106.881831,-6.112477,0.4422510365449758,708254.9309976338,9323997.694540802
541,106.881836,-6.112477,0.552813795288422,708255.4845240571,9323997.69260426
542,106.88184,-6.112477,0.4422510349737846,708255.9273451951,9323997.691055024
543,106.881845,-6.112477,0.552813795288422,708256.4808716197,9323997.689118475
544,106.88185,-6.112477,0.552813795288422,708257.0343980473,9323997.687181918
545,106.881854,-6.112477,0.4422510365449758,708257.4772191901,9323997.68563267
546,106.881859,-6.112477,0.552813795288422,708258.0307456191,9323997.683696106
547,106.881863,-6.112477,0.4422510349737846,708258.4735667629,9323997.68214685
548,106.881868,-6.112477,0.552813795288422,708259.0270931959,9323997.680210276
549,106.881872,-6.112477,0.4422510365449758,708259.4699143434,9323997.678661013
553,106.881759,-6.112482,12.505956246337343,708246.9582826772,9323997.16941984
554,106.881764,-6.112482,0.5528137901222006,708247.5118090727,9323997.16748337
555,106.881768,-6.112482,0.4422510308408074,708247.9546301885,9323997.165934192
556,106.881773,-6.112482,0.5528137901222006,708248.5081565856,9323997.163997715
557,106.881777,-6.112482,0.44225103241199865,708248.9509777052,9323997.16244853
558,106.881782,-6.112482,0.5528137901222006,708249.5045041064,9323997.160512041
559,106.881786,-6.112482,0.44225103241199865,708249.9473252281,9323997.15896285
560,106.881791,-6.112482,0.5528137901222006,708250.500851632,9323997.157026352
561,106.881795,-6.112481,0.4560156645996548,708250.9440596916,9323997.26607847
562,106.8818,-6.112481,0.5528137911554452,708251.4975860979,9323997.264141966
563,106.881804,-6.112481,0.4422510332385944,708251.940407225,9323997.262592757
564,106.881809,-6.112481,0.5528137911554452,708252.4939336356,9323997.260656243
565,106.881813,-6.112481,0.4422510316674031,708252.9367547637,9323997.259107027
566,106.881818,-6.112481,0.5528137911554452,708253.4902811757,9323997.257170504
567,106.881822,-6.112481,0.4422510332385944,708253.9331023074,9323997.25562128
568,106.881827,-6.112481,0.5528137911554452,708254.4866287236,9323997.253684748
569,106.881831,-6.112481,0.4422510332385944,708254.9294498574,9323997.252135519
570,106.881836,-6.112481,0.5528137911554452,708255.4829762764,9323997.250198975
571,106.88184,-6.112481,0.4422510316674031,708255.9257974112,9323997.248649739
572,106.881845,-6.112481,0.5528137911554452,708256.4793238316,9323997.246713186
573,106.88185,-6.112481,0.5528137911554452,708257.032850255,9323997.244776629
574,106.881854,-6.112481,0.4422510332385944,708257.4756713947,9323997.243227381
575,106.881859,-6.112481,0.5528137911554452,708258.0291978195,9323997.241290815
576,106.881863,-6.112481,0.4422510316674031,708258.4720189599,9323997.239741558
577,106.881868,-6.112481,0.5528137911554452,708259.025545389,9323997.237804983
578,106.881872,-6.112481,0.4422510332385944,708259.4683665333,9323997.236255718
582,106.881759,-6.112486,12.505956153024378,708246.9567349588,9323996.727014573
583,106.881764,-6.112486,0.5528137859892205,708247.5102613502,9323996.725078104
584,106.881768,-6.112486,0.44225102753442325,708247.9530824629,9323996.723528923
585,106.881773,-6.112486,0.5528137859892205,708248.5066088557,9323996.721592445
586,106.881777,-6.112486,0.44225102910561453,708248.949429972,9323996.720043259
587,106.881782,-6.112486,0.5528137859892205,708249.502956369,9323996.71810677
588,106.881786,-6.112486,0.44225102910561453,708249.9457774875,9323996.716557575
589,106.881791,-6.112486,0.5528137859892205,708250.4993038874,9323996.714621078
590,106.881795,-6.112486,0.44225102753442325,708250.9421250067,9323996.713071877
591,106.8818,-6.112486,0.5528137859892205,708251.4956514079,9323996.71113537
592,106.881804,-6.112486,0.44225102910561453,708251.9384725309,9323996.70958616
593,106.881809,-6.112486,0.5528137859892205,708252.4919989363,9323996.707649644
594,106.881813,-6.112486,0.44225102753442325,708252.9348200602,9323996.706100428
595,106.881818,-6.112486,0.5528137859892205,708253.4883464671,9323996.704163903
596,106.881822,-6.112486,0.44225102910561453,708253.9311675946,9323996.702614678
597,106.881827,-6.112486,0.5528137859892205,708254.4846940057,9323996.700678144
598,106.881831,-6.112486,0.44225102910561453,708254.9275151354,9323996.699128913
599,106.881836,-6.112486,0.5528137859892205,708255.4810415494,9323996.697192369
600,106.881841,-6.112486,0.5528137844180291,708256.034567962,9323996.69525582
601,106.881845,-6.112486,0.44225102910561453,708256.4773890954,9323996.693706578
602,106.88185,-6.112486,0.5528137859892205,708257.0309155136,9323996.691770019
603,106.881854,-6.112486,0.44225102910561453,708257.473736649,9323996.690220768
604,106.881859,-6.112486,0.5528137859892205,708258.0272630687,9323996.6882842
605,106.881863,-6.112486,0.44225102753442325,708258.470084205,9323996.686734943
606,106.881868,-6.112486,0.5528137859892205,708259.023610629,9323996.684798365
610,106.881755,-6.112491,12.505956036387477,708246.5119792018,9323996.175557164
611,106.881759,-6.112491,0.44225102497263136,708246.9548003094,9323996.174007991
612,106.881764,-6.112491,0.5528137808229914,708247.5083266958,9323996.17207152
613,106.881768,-6.112491,0.44225102340144007,708247.9511478042,9323996.170522338
614,106.881773,-6.112491,0.5528137808229914,708248.5046741918,9323996.168585857
615,106.881777,-6.112491,0.44225102497263136,708248.947495304,9323996.16703667
616,106.881782,-6.112491,0.5528137808229914,708249.501021696,9323996.16510018
617,106.881786,-6.112491,0.44225102497263136,708249.9438428103,9323996.163550984
618,106.881791,-6.112491,0.5528137808229914,708250.497369205,9323996.161614485
619,106.881795,-6.112491,0.44225102340144007,708250.9401903201,9323996.160065282
620,106.8818,-6.112491,0.5528137808229914,708251.4937167163,9323996.158128774
621,106.881804,-6.112491,0.44225102497263136,708251.9365378353,9323996.156579563
622,106.881809,-6.11249,0.5638859712335007,708252.4904511758,9323996.265244367
623,106.881813,-6.11249,0.442251024228037,708252.9332722963,9323996.263695149
624,106.881818,-6.11249,0.5528137818562375,708253.4867986991,9323996.261758622
625,106.881822,-6.11249,0.4422510257992282,708253.9296198233,9323996.260209396
626,106.881827,-6.11249,0.5528137818562375,708254.4831462303,9323996.25827286
627,106.881831,-6.11249,0.4422510257992282,708254.9259673568,9323996.25672363
628,106.881836,-6.11249,0.5528137818562375,708255.4794937666,9323996.254787084
629,106.881841,-6.11249,0.5528137802850462,708256.0330201751,9323996.252850533
630,106.881845,-6.11249,0.4422510257992282,708256.475841305,9323996.251301289
631,106.88185,-6.11249,0.5528137818562375,708257.0293677192,9323996.24936473
632,106.881854,-6.11249,0.4422510257992282,708257.4721888514,9323996.247815479
633,106.881859,-6.11249,0.5528137818562375,708258.025715267,9323996.245878909
634,106.881863,-6.11249,0.442251024228037,708258.4685364,9323996.24432965
635,106.881868,-6.11249,0.5528137818562375,708259.0220628199,9323996.242393073
639,106.881755,-6.112495,12.505955943069983,708246.5104314843,9323995.733151898
640,106.881759,-6.112495,0.44225102166624225,708246.9532525887,9323995.731602725
641,106.881764,-6.112495,0.5528137766900051,708247.506778971,9323995.729666252
642,106.881768,-6.112495,0.442251020095051,708247.9496000762,9323995.728117071
643,106.881773,-6.112495,0.5528137766900051,708248.5031264597,9323995.726180589
644,106.881777,-6.112495,0.44225102166624225,708248.9459475685,9323995.724631399
645,106.881782,-6.112495,0.5528137766900051,708249.4994739563,9323995.722694907
646,106.881786,-6.112495,0.44225102166624225,708249.9422950675,9323995.721145712
647,106.881791,-6.112495,0.5528137766900051,708250.495821458,9323995.719209211
648,106.881795,-6.112495,0.442251020095051,708250.9386425699,9323995.717660008
649,106.8818,-6.112495,0.5528137766900051,708251.4921689619,9323995.715723498
650,106.881804,-6.112495,0.44225102166624225,708251.9349900775,9323995.714174286
651,106.881809,-6.112495,0.5528137766900051,708252.4885164737,9323995.712237768
652,106.881813,-6.112495,0.442251020095051,708252.9313375901,9323995.710688548
653,106.881818,-6.112495,0.5528137766900051,708253.4848639877,9323995.708752021
654,106.881822,-6.112495,0.44225102166624225,708253.9276851079,9323995.707202794
655,106.881827,-6.112495,0.5528137766900051,708254.4812115097,9323995.705266256
656,106.881832,-6.112495,0.5528137766900051,708255.0347379129,9323995.703329714
657,106.881836,-6.112495,0.44225102166624225,708255.4775590367,9323995.701780476
658,106.881841,-6.112495,0.5528137751188138,708256.03108544,9323995.699843924
659,106.881845,-6.112495,0.44225102166624225,708256.4739065658,9323995.698294679
660,106.88185,-6.112495,0.5528137766900051,708257.0274329749,9323995.696358118
661,106.881854,-6.112495,0.44225102166624225,708257.470254103,9323995.694808865
662,106.881859,-6.112495,0.5528137766900051,708258.0237805133,9323995.692872295
663,106.881863,-6.112495,0.442251020095051,708258.4666016423,9323995.691323034
664,106.881868,-6.112495,0.5528137766900051,708259.0201280569,9323995.689386455
668,106.881755,-6.1125,12.505955826428522,708246.5084968362,9323995.180145316
669,106.881759,-6.1125,0.442251017533253,708246.9513179365,9323995.17859614
670,106.881764,-6.1125,0.5528137715237684,708247.5048443136,9323995.176659668
671,106.881768,-6.1125,0.44225101596206173,708247.9476654147,9323995.175110484
672,106.881773,-6.1125,0.5528137715237684,708248.501191793,9323995.173174001
673,106.881777,-6.1125,0.442251017533253,708248.9440128978,9323995.17162481
674,106.881782,-6.1125,0.5528137715237684,708249.4975392804,9323995.169688318
675,106.881786,-6.1125,0.442251017533253,708249.9403603873,9323995.16813912
676,106.881791,-6.1125,0.5528137715237684,708250.4938867729,9323995.166202618
677,106.881795,-6.1125,0.44225101596206173,708250.9367078806,9323995.164653413
678,106.8818,-6.1125,0.5528137715237684,708251.4902342675,9323995.162716903
679,106.881804,-6.1125,0.442251017533253,708251.9330553788,9323995.161167689
680,106.881809,-6.1125,0.5528137715237684,708252.48658177,9323995.15923117
681,106.881813,-6.1125,0.44225101596206173,708252.9294028822,9323995.15768195
682,106.881818,-6.1125,0.5528137715237684,708253.4829292748,9323995.155745419
683,106.881822,-6.112499,0.45601565169378433,708253.9261373343,9323995.264797512
684,106.881827,-6.112499,0.5528137725570161,708254.479663732,9323995.262860974
685,106.881832,-6.112499,0.5528137725570161,708255.0331901313,9323995.260924429
686,106.881836,-6.112499,0.4422510183598511,708255.4760112516,9323995.25937519
687,106.881841,-6.112499,0.552813770985825,708256.0295376508,9323995.257438637
688,106.881845,-6.112499,0.4422510183598511,708256.4723587733,9323995.255889392
689,106.88185,-6.112499,0.5528137725570161,708257.0258851782,9323995.25395283
690,106.881854,-6.112499,0.4422510183598511,708257.468706303,9323995.252403576
691,106.881859,-6.112499,0.5528137725570161,708258.0222327093,9323995.250467004
692,106.881863,-6.112499,0.4422510167886599,708258.465053835,9323995.248917744
693,106.881868,-6.112499,0.5528137725570161,708259.0185802454,9323995.246981163
697,106.881755,-6.112504,12.505955733119674,708246.5069491167,9323994.737740051
698,106.881759,-6.112504,0.44225101422685914,708246.9497702137,9323994.736190874
699,106.881764,-6.112504,0.5528137673907761,708247.5032965866,9323994.7342544
700,106.881768,-6.112504,0.4422510126556679,708247.9461176842,9323994.732705215
701,106.881773,-6.112504,0.5528137673907761,708248.4996440586,9323994.73076873
702,106.881777,-6.112504,0.44225101422685914,708248.94246516,9323994.72921954
703,106.881782,-6.112504,0.5528137673907761,708249.4959915385,9323994.727283046
704,106.881786,-6.112504,0.44225101422685914,708249.9388126422,9323994.725733846
705,106.881791,-6.112504,0.5528137673907761,708250.4923390235,9323994.723797344
706,106.881795,-6.112504,0.4422510126556679,708250.9351601279,9323994.722248137
707,106.8818,-6.112504,0.5528137673907761,708251.4886865108,9323994.720311625
708,106.881804,-6.112504,0.44225101422685914,708251.9315076189,9323994.71876241
709,106.881809,-6.112504,0.5528137673907761,708252.485034006,9323994.71682589
710,106.881813,-6.112504,0.4422510126556679,708252.9278551148,9323994.715276668
711,106.881818,-6.112504,0.5528137673907761,708253.4813815033,9323994.713340137
712,106.881823,-6.112504,0.5528137673907761,708254.0349078946,9323994.7114036
713,106.881827,-6.112504,0.44225101422685914,708254.4777290085,9323994.709854368
714,106.881832,-6.112504,0.5528137673907761,708255.0312554026,9323994.707917824
715,106.881836,-6.112504,0.44225101422685914,708255.4740765187,9323994.706368584
716,106.881841,-6.112504,0.552813765819585,708256.027602913,9323994.70443203
717,106.881845,-6.112504,0.44225101422685914,708256.4704240313,9323994.702882782
718,106.88185,-6.112504,0.5528137673907761,708257.023950431,9323994.700946217
719,106.881854,-6.112504,0.44225101422685914,708257.4667715516,9323994.699396962
720,106.881859,-6.112504,0.5528137673907761,708258.0202979528,9323994.697460389
721,106.881863,-6.112504,0.4422510126556679,708258.4631190744,9323994.695911126
722,106.881868,-6.112504,0.5528137673907761,708259.0166454797,9323994.693974545
726,106.881755,-6.112509,12.50595561647365,708246.5050144657,9323994.184733469
727,106.881759,-6.112509,0.4422510100938638,708246.9478355586,9323994.183184292
728,106.881764,-6.112509,0.552813762224532,708247.5013619263,9323994.181247814
729,106.881768,-6.112509,0.4422510085226726,708247.9441830199,9323994.17969863
730,106.881773,-6.112509,0.552813762224532,708248.4977093892,9323994.177762143
731,106.881777,-6.112509,0.4422510100938638,708248.9405304864,9323994.17621295
732,106.881782,-6.112509,0.552813762224532,708249.4940568598,9323994.174276454
733,106.881786,-6.112509,0.4422510100938638,708249.9368779593,9323994.172727255
734,106.881791,-6.112509,0.552813762224532,708250.4904043354,9323994.17079075
735,106.881795,-6.112509,0.4422510085226726,708250.9332254359,9323994.169241544
736,106.8818,-6.112509,0.552813762224532,708251.4867518134,9323994.167305028
737,106.881804,-6.112509,0.4422510100938638,708251.9295729175,9323994.165755814
738,106.881809,-6.112509,0.552813762224532,708252.4830992993,9323994.16381929
739,106.881813,-6.112509,0.4422510085226726,708252.9259204043,9323994.16227007
740,106.881818,-6.112509,0.552813762224532,708253.4794467874,9323994.160333537
741,106.881823,-6.112509,0.552813762224532,708254.0329731735,9323994.158396998
742,106.881827,-6.112509,0.4422510100938638,708254.4757942834,9323994.156847764
743,106.881832,-6.112508,0.5638859530002331,708255.0297076185,9323994.26551254
744,106.881836,-6.112508,0.4422510109204632,708255.4725287313,9323994.263963297
745,106.881841,-6.112508,0.55281376168659,708256.0260551213,9323994.262026742
746,106.881845,-6.112508,0.4422510109204632,708256.4688762366,9323994.260477493
747,106.88185,-6.112508,0.5528137632577812,708257.022402632,9323994.258540928
748,106.881854,-6.112508,0.4422510109204632,708257.4652237494,9323994.256991673
749,106.881859,-6.112508,0.5528137632577812,708258.0187501465,9323994.255055098
750,106.881863,-6.112508,0.4422510093492719,708258.4615712648,9323994.253505835
751,106.881868,-6.112508,0.5528137632577812,708259.015097666,9323994.25156925
755,106.881755,-6.112513,12.505955523160273,708246.503466744,9323993.742328204
756,106.881759,-6.112513,0.44225100678746515,708246.9462878334,9323993.740779025
757,106.881764,-6.112513,0.5528137580915337,708247.499814197,9323993.738842547
758,106.881768,-6.112513,0.442251005216274,708247.9426352874,9323993.73729336
759,106.881773,-6.112513,0.5528137580915337,708248.4961616524,9323993.735356873
760,106.881777,-6.112513,0.44225100678746515,708248.9389827464,9323993.73380768
761,106.881782,-6.112513,0.5528137580915337,708249.4925091157,9323993.731871182
762,106.881786,-6.112513,0.44225100678746515,708249.9353302119,9323993.730321981
763,106.881791,-6.112513,0.5528137580915337,708250.4888565841,9323993.728385476
764,106.881795,-6.112513,0.442251005216274,708250.9316776812,9323993.726836268
765,106.8818,-6.112513,0.5528137580915337,708251.4852040545,9323993.724899752
766,106.881804,-6.112513,0.44225100678746515,708251.9280251552,9323993.723350536
767,106.881809,-6.112513,0.5528137580915337,708252.481551533,9323993.721414011
768,106.881814,-6.112513,0.5528137580915337,708253.0350779108,9323993.719477482
769,106.881818,-6.112513,0.442251005216274,708253.4778990136,9323993.717928255
770,106.881823,-6.112513,0.5528137580915337,708254.0314253956,9323993.715991717
771,106.881827,-6.112513,0.44225100678746515,708254.4742465022,9323993.71444248
772,106.881832,-6.112513,0.5528137580915337,708255.027772887,9323993.712505933
773,106.881836,-6.112513,0.44225100678746515,708255.4705939958,9323993.71095669
774,106.881841,-6.112513,0.5528137565203424,708256.0241203806,9323993.709020134
775,106.881845,-6.112513,0.44225100678746515,708256.4669414916,9323993.707470883
776,106.88185,-6.112513,0.5528137580915337,708257.020467882,9323993.705534317
777,106.881854,-6.112513,0.44225100678746515,708257.4632889953,9323993.70398506
778,106.881859,-6.112513,0.5528137580915337,708258.0168153872,9323993.702048484
779,106.881863,-6.112513,0.442251005216274,708258.4596365013,9323993.70049922
780,106.881868,-6.112513,0.5528137580915337,708259.0131628974,9323993.698562633
784,106.881755,-6.112518,12.505955406518469,708246.5015320901,9323993.189321622
785,106.881759,-6.112518,0.4422510026544637,708246.9443531755,9323993.187772442
786,106.881764,-6.112518,0.5528137529252819,708247.497879534,9323993.185835961
787,106.881768,-6.112518,0.44225100108327253,708247.9407006202,9323993.184286775
788,106.881773,-6.112518,0.5528137529252819,708248.49422698,9323993.182350285
789,106.881777,-6.112518,0.4422510026544637,708248.9370480699,9323993.18080109
790,106.881782,-6.112518,0.5528137529252819,708249.490574434,9323993.178864593
791,106.881786,-6.112518,0.4422510026544637,708249.9333955263,9323993.17731539
792,106.881791,-6.112518,0.5528137529252819,708250.4869218931,9323993.175378883
793,106.881795,-6.112518,0.44225100108327253,708250.9297429861,9323993.173829673
794,106.8818,-6.112518,0.5528137529252819,708251.4832693543,9323993.171893157
795,106.881804,-6.112518,0.4422510026544637,708251.926090451,9323993.17034394
796,106.881809,-6.112518,0.5528137529252819,708252.4796168235,9323993.168407412
797,106.881814,-6.112518,0.5528137529252819,708253.0331431963,9323993.166470882
798,106.881818,-6.112518,0.44225100108327253,708253.4759642949,9323993.164921653
799,106.881823,-6.112518,0.5528137529252819,708254.0294906718,9323993.162985113
800,106.881827,-6.112518,0.4422510026544637,708254.4723117743,9323993.161435876
801,106.881832,-6.112518,0.5528137529252819,708255.0258381539,9323993.159499327
802,106.881836,-6.112518,0.4422510026544637,708255.4686592584,9323993.157950083
803,106.881841,-6.112518,0.5528137513540906,708256.0221856383,9323993.156013524
804,106.881845,-6.112517,0.45601563724002414,708256.4653936946,9323993.265065596
805,106.88185,-6.112517,0.5528137539585325,708257.0189200809,9323993.263129028
806,106.881854,-6.112517,0.4422510034810642,708257.4617411908,9323993.261579769
807,106.881859,-6.112517,0.5528137539585325,708258.0152675785,9323993.259643191
808,106.881863,-6.112517,0.44225100190987304,708258.4580886894,9323993.258093927
809,106.881868,-6.112517,0.5528137539585325,708259.0116150815,9323993.256157339
813,106.881755,-6.112522,12.505955313204957,708246.4999843659,9323992.746916356
814,106.881759,-6.112522,0.4422509993480601,708246.942805448,9323992.745367175
815,106.881764,-6.112522,0.5528137487922775,708247.4963318023,9323992.743430693
816,106.881768,-6.112522,0.442250997776869,708247.9391528853,9323992.741881505
817,106.881773,-6.112522,0.5528137487922775,708248.4926792411,9323992.739945015
818,106.881777,-6.112522,0.4422509993480601,708248.9355003277,9323992.73839582
819,106.881782,-6.112522,0.5528137487922775,708249.4890266878,9323992.73645932
820,106.881786,-6.112522,0.4422509993480601,708249.9318477765,9323992.734910116
821,106.881791,-6.112522,0.5528137487922775,708250.4853741394,9323992.732973607
822,106.881795,-6.112522,0.442250997776869,708250.928195229,9323992.731424397
823,106.8818,-6.112522,0.5528137487922775,708251.4817215932,9323992.72948788
824,106.881805,-6.112522,0.5528137487922775,708252.0352479602,9323992.727551356
825,106.881809,-6.112522,0.4422509993480601,708252.4780690549,9323992.726002134
826,106.881814,-6.112522,0.5528137487922775,708253.0315954234,9323992.724065602
827,106.881818,-6.112522,0.442250997776869,708253.4744165189,9323992.722516371
828,106.881823,-6.112522,0.5528137487922775,708254.0279428917,9323992.720579829
829,106.881827,-6.112522,0.4422509993480601,708254.4707639907,9323992.719030593
830,106.881832,-6.112522,0.5528137487922775,708255.0242903663,9323992.717094041
831,106.881836,-6.112522,0.4422509993480601,708255.4671114676,9323992.715544797
832,106.881841,-6.112522,0.5528137472210863,708256.0206378432,9323992.713608237
833,106.881845,-6.112522,0.4422509993480601,708256.4634589468,9323992.712058986
834,106.88185,-6.112522,0.5528137487922775,708257.016985328,9323992.710122416
835,106.881854,-6.112522,0.4422509993480601,708257.4598064339,9323992.708573155
836,106.881859,-6.112522,0.5528137487922775,708258.0133328164,9323992.706636578
837,106.881863,-6.112522,0.442250997776869,708258.4561539232,9323992.70508731
838,106.881868,-6.112522,0.5528137487922775,708259.0096803099,9323992.703150723
842,106.881755,-6.112527,12.50595519656298,708246.4980497092,9323992.193909774
843,106.881759,-6.112527,0.44225099521505273,708246.9408707874,9323992.192360591
844,106.881764,-6.112527,0.5528137436260181,708247.4943971365,9323992.190424109
845,106.881768,-6.112527,0.4422509936438615,708247.9372182153,9323992.188874919
846,106.881773,-6.112527,0.5528137436260181,708248.490744566,9323992.186938427
847,106.881777,-6.112527,0.44225099521505273,708248.9335656484,9323992.18538923
848,106.881782,-6.112527,0.5528137436260181,708249.4870920032,9323992.18345273
849,106.881786,-6.112527,0.44225099521505273,708249.929913088,9323992.181903524
850,106.881791,-6.112527,0.5528137436260181,708250.4834394456,9323992.179967014
851,106.881795,-6.112527,0.4422509936438615,708250.9262605311,9323992.178417802
852,106.8818,-6.112527,0.5528137436260181,708251.4797868902,9323992.176481282
853,106.881805,-6.112527,0.5528137436260181,708252.0333132521,9323992.174544757
854,106.881809,-6.112527,0.44225099521505273,708252.4761343426,9323992.172995534
855,106.881814,-6.112527,0.5528137436260181,708253.0296607061,9323992.171059001
856,106.881818,-6.112527,0.4422509936438615,708253.4724817973,9323992.16950977
857,106.881823,-6.112527,0.5528137436260181,708254.0260081651,9323992.167573227
858,106.881827,-6.112527,0.44225099521505273,708254.46882926,9323992.166023988
859,106.881832,-6.112527,0.5528137436260181,708255.0223556303,9323992.164087435
860,106.881836,-6.112527,0.44225099521505273,708255.4651767275,9323992.16253819
861,106.881841,-6.112527,0.5528137420548269,708256.0187030981,9323992.160601627
862,106.881845,-6.112527,0.44225099521505273,708256.4615241974,9323992.159052374
863,106.88185,-6.112527,0.5528137436260181,708257.0150505736,9323992.157115804
864,106.881854,-6.112527,0.44225099521505273,708257.4578716753,9323992.155566543
865,106.881859,-6.112526,0.5638859347669121,708258.0117850056,9323992.264231285
866,106.881863,-6.112526,0.4422509944704633,708258.4546061091,9323992.262682017
867,106.881868,-6.112526,0.5528137446592704,708259.0081324917,9323992.260745429
871,106.881755,-6.112531,12.505955103249327,708246.4965019829,9323991.751504507
872,106.881759,-6.112531,0.4422509919086443,708246.9393230575,9323991.749955324
873,106.881764,-6.112531,0.5528137394930076,708247.4928494027,9323991.74801884
874,106.881768,-6.112531,0.44225099033745313,708247.9356704783,9323991.74646965
875,106.881773,-6.112531,0.5528137394930076,708248.4891968246,9323991.744533157
876,106.881777,-6.112531,0.4422509919086443,708248.9320179039,9323991.74298396
877,106.881782,-6.112531,0.5528137394930076,708249.4855442545,9323991.741047457
878,106.881786,-6.112531,0.4422509919086443,708249.9283653359,9323991.73949825
879,106.881791,-6.112531,0.5528137394930076,708250.4818916895,9323991.73756174
880,106.881796,-6.112531,0.5528137379218165,708251.0354180417,9323991.735625222
881,106.8818,-6.112531,0.4422509919086443,708251.4782391267,9323991.734076006
882,106.881805,-6.112531,0.5528137394930076,708252.0317654846,9323991.73213948
883,106.881809,-6.112531,0.4422509919086443,708252.4745865718,9323991.730590256
884,106.881814,-6.112531,0.5528137394930076,708253.028112931,9323991.72865372
885,106.881818,-6.112531,0.44225099033745313,708253.470934019,9323991.727104489
886,106.881823,-6.112531,0.5528137394930076,708254.0244603825,9323991.725167943
887,106.881827,-6.112531,0.4422509919086443,708254.4672814743,9323991.723618705
888,106.881832,-6.112531,0.5528137394930076,708255.0208078404,9323991.72168215
889,106.881836,-6.112531,0.4422509919086443,708255.4636289345,9323991.720132904
890,106.881841,-6.112531,0.5528137379218165,708256.0171553008,9323991.71819634
891,106.881845,-6.112531,0.4422509919086443,708256.459976397,9323991.716647087
892,106.88185,-6.112531,0.5528137394930076,708257.0135027689,9323991.714710513
893,106.881854,-6.112531,0.4422509919086443,708257.4563238672,9323991.713161252
894,106.881859,-6.112531,0.5528137394930076,708258.0098502405,9323991.711224671
895,106.881863,-6.112531,0.44225099033745313,708258.4526713399,9323991.709675401
900,106.881755,-6.112536,11.953713076137177,708246.4945673235,9323991.198497925
901,106.881759,-6.112536,0.44225098777563077,708246.937388394,9323991.19694874
902,106.881764,-6.112536,0.5528137343267406,708247.4909147341,9323991.195012255
903,106.881768,-6.112536,0.44225098620443964,708247.9337358053,9323991.193463063
904,106.881773,-6.112536,0.5528137343267406,708248.4872621468,9323991.19152657
905,106.881777,-6.112536,0.44225098777563077,708248.9300832218,9323991.18997737
906,106.881782,-6.112536,0.5528137343267406,708249.4836095673,9323991.188040866
907,106.881786,-6.112536,0.44225098777563077,708249.9264306446,9323991.186491659
908,106.881791,-6.112536,0.5528137343267406,708250.479956993,9323991.184555145
909,106.881796,-6.112536,0.5528137327555497,708251.03348334,9323991.182618627
910,106.8818,-6.112536,0.44225098777563077,708251.476304421,9323991.18106941
911,106.881805,-6.112536,0.5528137343267406,708252.0298307736,9323991.17913288
912,106.881809,-6.112536,0.44225098777563077,708252.4726518567,9323991.177583655
913,106.881814,-6.112536,0.5528137343267406,708253.0261782109,9323991.175647119
914,106.881818,-6.112536,0.44225098620443964,708253.4689992947,9323991.174097886
915,106.881823,-6.112536,0.5528137343267406,708254.022525653,9323991.172161339
916,106.881827,-6.112536,0.44225098777563077,708254.4653467406,9323991.170612099
917,106.881832,-6.112536,0.5528137343267406,708255.0188731018,9323991.168675544
918,106.881836,-6.112536,0.44225098777563077,708255.4616941914,9323991.167126296
919,106.881841,-6.112536,0.5528137327555497,708256.0152205527,9323991.165189732
920,106.881845,-6.112536,0.44225098777563077,708256.4580416447,9323991.163640475
921,106.88185,-6.112536,0.5528137343267406,708257.0115680116,9323991.161703901
922,106.881854,-6.112536,0.44225098777563077,708257.4543891059,9323991.160154639
923,106.881859,-6.112536,0.5528137343267406,708258.007915474,9323991.158218056
924,106.881863,-6.112536,0.44225098620443964,708258.450736569,9323991.156668786
929,106.881755,-6.11254,11.949057498506404,708246.4930195948,9323990.756092658
930,106.881759,-6.11254,0.4422509844692175,708246.9358406621,9323990.754543474
931,106.881764,-6.11254,0.5528137301937242,708247.4893669978,9323990.752606986
932,106.881768,-6.11254,0.4422509828980264,708247.932188066,9323990.751057794
933,106.881773,-6.11254,0.5528137301937242,708248.4857144032,9323990.749121297
934,106.881777,-6.11254,0.4422509844692175,708248.9285354749,9323990.747572098
935,106.881782,-6.11254,0.5528137301937242,708249.4820618164,9323990.745635593
936,106.881787,-6.11254,0.5528137301937242,708250.0355881592,9323990.743699083
937,106.881791,-6.11254,0.4422509844692175,708250.4784092346,9323990.74214987
938,106.881796,-6.11254,0.5528137286225331,708251.0319355775,9323990.740213351
939,106.8818,-6.11254,0.4422509844692175,708251.474756655,9323990.738664132
940,106.881805,-6.11254,0.5528137301937242,708252.0282830037,9323990.736727603
941,106.881809,-6.11254,0.4422509844692175,708252.4711040836,9323990.735178376
942,106.881814,-6.11254,0.5528137301937242,708253.0246304334,9323990.733241837
943,106.881818,-6.11254,0.4422509828980264,708253.4674515141,9323990.731692605
944,106.881823,-6.11254,0.5528137301937242,708254.0209778682,9323990.729756057
945,106.881827,-6.11254,0.4422509844692175,708254.4637989525,9323990.728206815
946,106.881832,-6.11254,0.5528137301937242,708255.0173253097,9323990.726270258
947,106.881836,-6.11254,0.4422509844692175,708255.4601463962,9323990.724721009
948,106.881841,-6.11254,0.5528137286225331,708256.0136727532,9323990.722784443
949,106.881845,-6.11254,0.4422509844692175,708256.4564938418,9323990.721235188
950,106.88185,-6.11254,0.5528137301937242,708257.0100202046,9323990.719298612
951,106.881854,-6.11254,0.4422509844692175,708257.4528412956,9323990.717749348
952,106.881859,-6.11254,0.5528137301937242,708258.0063676597,9323990.715812763
953,106.881863,-6.11254,0.4422509828980264,708258.4491887515,9323990.714263491
958,106.881755,-6.112545,11.953712875485355,708246.4910849325,9323990.203086076
959,106.881759,-6.112545,0.4422509803361979,708246.9339059957,9323990.20153689
960,106.881764,-6.112545,0.5528137250274496,708247.4874323262,9323990.199600402
961,106.881768,-6.112545,0.4422509787650068,708247.9302533902,9323990.198051207
962,106.881773,-6.112545,0.5528137250274496,708248.4837797224,9323990.19611471
963,106.881777,-6.112545,0.4422509803361979,708248.92660079,9323990.194565509
964,106.881782,-6.112545,0.5528137250274496,708249.4801271262,9323990.192629002
965,106.881787,-6.112545,0.5528137250274496,708250.033653464,9323990.19069249
966,106.881791,-6.112545,0.4422509803361979,708250.4764745353,9323990.189143278
967,106.881796,-6.112545,0.5528137234562586,708251.030000873,9323990.187206756
968,106.8818,-6.112545,0.4422509803361979,708251.4728219465,9323990.185657535
969,106.881805,-6.112545,0.5528137250274496,708252.0263482898,9323990.183721004
970,106.881809,-6.112545,0.4422509803361979,708252.4691693655,9323990.182171777
971,106.881814,-6.112545,0.5528137250274496,708253.0226957105,9323990.180235237
972,106.881818,-6.112545,0.4422509787650068,708253.4655167869,9323990.178686002
973,106.881823,-6.112545,0.5528137250274496,708254.019043136,9323990.176749453
974,106.881827,-6.112545,0.4422509803361979,708254.4618642161,9323990.175200209
975,106.881832,-6.112545,0.5528137250274496,708255.0153905681,9323990.173263652
976,106.881836,-6.112545,0.4422509803361979,708255.4582116504,9323990.1717144
977,106.881841,-6.112545,0.5528137234562586,708256.0117380023,9323990.169777835
978,106.881845,-6.112545,0.4422509803361979,708256.4545590869,9323990.168228576
979,106.88185,-6.112545,0.5528137250274496,708257.0080854445,9323990.166292
980,106.881854,-6.112545,0.4422509803361979,708257.4509065313,9323990.164742734
981,106.881859,-6.112545,0.5528137250274496,708258.0044328902,9323990.16280615
982,106.881863,-6.112545,0.4422509787650068,708258.447253978,9323990.161256876
987,106.881755,-6.112549,11.949057297780854,708246.4895372015,9323989.76068081
988,106.881759,-6.112549,0.4422509770297798,708246.9323582614,9323989.759131622
989,106.881764,-6.112549,0.552813720894427,708247.4858845879,9323989.757195134
990,106.881768,-6.112549,0.44225097545858877,708247.9287056485,9323989.755645938
991,106.881773,-6.112549,0.552813720894427,708248.4822319765,9323989.75370944
992,106.881778,-6.112549,0.552813720894427,708249.0357583074,9323989.751772936
993,106.881782,-6.112549,0.4422509770297798,708249.478579373,9323989.75022373
994,106.881787,-6.112549,0.552813720894427,708250.0321057069,9323989.748287216
995,106.881791,-6.112549,0.4422509770297798,708250.4749267746,9323989.746738002
996,106.881796,-6.112549,0.552813719323236,708251.0284531084,9323989.74480148
997,106.8818,-6.112549,0.4422509770297798,708251.4712741785,9323989.743252257
998,106.881805,-6.112549,0.552813720894427,708252.0248005177,9323989.741315726
999,106.881809,-6.112549,0.4422509770297798,708252.4676215901,9323989.739766497
1000,106.881814,-6.112549,0.552813720894427,708253.0211479308,9323989.737829957
1001,106.881818,-6.112549,0.44225097545858877,708253.463969004,9323989.73628072
1002,106.881823,-6.112549,0.552813720894427,708254.0174953489,9323989.73434417
1003,106.881827,-6.112549,0.4422509770297798,708254.4603164258,9323989.732794926
1004,106.881832,-6.112549,0.552813720894427,708255.0138427736,9323989.730858367
1005,106.881836,-6.112549,0.4422509770297798,708255.4566638526,9323989.729309116
1006,106.881841,-6.112549,0.552813719323236,708256.0101902004,9323989.727372546
1007,106.881845,-6.112549,0.4422509770297798,708256.4530112818,9323989.725823287
1008,106.88185,-6.112549,0.552813720894427,708257.0065376352,9323989.72388671
1009,106.881854,-6.112549,0.4422509770297798,708257.4493587188,9323989.722337443
1010,106.881859,-6.112549,0.552813720894427,708258.0028850735,9323989.720400857
1011,106.881863,-6.112549,0.44225097545858877,708258.445706158,9323989.718851583
1016,106.881755,-6.112554,11.953712674842427,708246.4876025363,9323989.207674228
1017,106.881759,-6.112554,0.4422509728967542,708246.9304235921,9323989.206125038
1018,106.881764,-6.112554,0.552813715728145,708247.4839499135,9323989.204188548
1019,106.881768,-6.112554,0.44225097132556307,708247.92677097,9323989.20263935
1020,106.881773,-6.112554,0.552813715728145,708248.4802972929,9323989.200702852
1021,106.881778,-6.112554,0.552813715728145,708249.0338236187,9323989.198766345
1022,106.881782,-6.112554,0.4422509728967542,708249.4766446801,9323989.197217137
1023,106.881787,-6.112554,0.552813715728145,708250.0301710087,9323989.195280623
1024,106.881791,-6.112554,0.4422509728967542,708250.4729920725,9323989.193731407
1025,106.881796,-6.112554,0.5528137141569539,708251.026518401,9323989.191794883
1026,106.8818,-6.112554,0.4422509728967542,708251.4693394669,9323989.190245662
1027,106.881805,-6.112554,0.552813715728145,708252.0228658012,9323989.188309127
1028,106.881809,-6.112554,0.4422509728967542,708252.4656868693,9323989.186759897
1029,106.881814,-6.112554,0.552813715728145,708253.019213205,9323989.184823355
1030,106.881818,-6.112554,0.44225097132556307,708253.462034274,9323989.183274118
1031,106.881823,-6.112554,0.552813715728145,708254.0155606138,9323989.181337565
1032,106.881827,-6.112554,0.4422509728967542,708254.4583816865,9323989.179788321
1033,106.881832,-6.112554,0.552813715728145,708255.0119080292,9323989.177851759
1034,106.881836,-6.112554,0.4422509728967542,708255.4547291042,9323989.176302508
1035,106.881841,-6.112554,0.5528137141569539,708256.0082554468,9323989.174365938
1036,106.881845,-6.112554,0.4422509728967542,708256.451076524,9323989.172816677
1037,106.88185,-6.112554,0.552813715728145,708257.0046028722,9323989.170880098
1038,106.881854,-6.112554,0.4422509728967542,708257.4474239517,9323989.16933083
1039,106.881859,-6.112554,0.552813715728145,708258.0009503013,9323989.167394241
1040,106.881863,-6.112554,0.44225097132556307,708258.4437713815,9323989.165844966
1045,106.881755,-6.112558,11.949057097055011,708246.4860548031,9323988.765268961
1046,106.881759,-6.112558,0.44225096959033117,708246.9288758555,9323988.763719771
1047,106.881764,-6.112558,0.5528137115951163,708247.4824021729,9323988.76178328
1048,106.881769,-6.112558,0.5528137115951163,708248.0359284903,9323988.759846782
1049,106.881773,-6.112558,0.44225096801914016,708248.4787495448,9323988.75829758
1050,106.881778,-6.112558,0.5528137115951163,708249.0322758665,9323988.756361073
1051,106.881782,-6.112558,0.44225096959033117,708249.4750969247,9323988.754811864
1052,106.881787,-6.112558,0.5528137115951163,708250.0286232491,9323988.752875349
1053,106.881791,-6.112558,0.44225096959033117,708250.4714443095,9323988.751326133
1054,106.881796,-6.112558,0.5528137100239252,708251.0249706339,9323988.749389607
1055,106.8818,-6.112558,0.44225096959033117,708251.4677916965,9323988.747840384
1056,106.881805,-6.112558,0.5528137115951163,708252.0213180267,9323988.74590385
1057,106.881809,-6.112558,0.44225096959033117,708252.4641390917,9323988.744354617
1058,106.881814,-6.112558,0.5528137115951163,708253.0176654231,9323988.742418073
1059,106.881818,-6.112558,0.44225096801914016,708253.4604864889,9323988.740868835
1060,106.881823,-6.112558,0.5528137115951163,708254.0140128245,9323988.738932282
1061,106.881827,-6.112558,0.44225096959033117,708254.456833894,9323988.737383036
1062,106.881832,-6.112558,0.5528137115951163,708255.0103602324,9323988.735446474
1063,106.881836,-6.112558,0.44225096959033117,708255.4531813042,9323988.73389722
1064,106.881841,-6.112558,0.5528137100239252,708256.0067076427,9323988.731960649
1065,106.881845,-6.112558,0.44225096959033117,708256.4495287166,9323988.730411388
1066,106.88185,-6.112558,0.5528137115951163,708257.0030550606,9323988.728474807
1067,106.881854,-6.112558,0.44225096959033117,708257.4458761369,9323988.726925539
1068,106.881859,-6.112558,0.5528137115951163,708257.9994024823,9323988.724988949
1069,106.881863,-6.112558,0.44225096801914016,708258.4422235594,9323988.723439673
1074,106.881755,-6.112563,11.953712474190016,708246.4841201352,9323988.212262377
1075,106.881759,-6.112563,0.44225096545729947,708246.9269411835,9323988.210713187
1076,106.881764,-6.112563,0.5528137064288267,708247.4804674956,9323988.208776694
1077,106.881769,-6.112563,0.5528137064288267,708248.0339938079,9323988.206840195
1078,106.881773,-6.112563,0.44225096388610846,708248.4768148583,9323988.205290992
1079,106.881778,-6.112563,0.5528137064288267,708249.0303411748,9323988.203354483
1080,106.881782,-6.112563,0.44225096545729947,708249.4731622288,9323988.201805273
1081,106.881787,-6.112563,0.5528137064288267,708250.026688548,9323988.199868755
1082,106.881791,-6.112563,0.44225096545729947,708250.4695096044,9323988.198319538
1083,106.881796,-6.112563,0.5528137048576355,708251.0230359238,9323988.19638301
1084,106.8818,-6.112563,0.44225096545729947,708251.4658569823,9323988.194833785
1085,106.881805,-6.112563,0.5528137064288267,708252.0193833072,9323988.19289725
1086,106.881809,-6.112563,0.44225096545729947,708252.462204368,9323988.191348018
1087,106.881814,-6.112563,0.5528137064288267,708253.0157306944,9323988.189411473
1088,106.881818,-6.112563,0.44225096388610846,708253.4585517559,9323988.187862232
1089,106.881823,-6.112563,0.5528137064288267,708254.0120780865,9323988.185925677
1090,106.881827,-6.112563,0.44225096545729947,708254.4548991518,9323988.184376432
1091,106.881832,-6.112563,0.5528137064288267,708255.0084254851,9323988.182439867
1092,106.881836,-6.112563,0.44225096545729947,708255.4512465528,9323988.180890612
1093,106.881841,-6.112563,0.5528137048576355,708256.0047728862,9323988.178954039
1094,106.881845,-6.112563,0.44225096545729947,708256.4475939559,9323988.177404776
1095,106.88185,-6.112563,0.5528137064288267,708257.0011202949,9323988.175468195
1096,106.881854,-6.112563,0.44225096545729947,708257.4439413669,9323988.173918925
1097,106.881859,-6.112563,0.5528137064288267,708257.9974677074,9323988.171982333
1098,106.881863,-6.112563,0.44225096388610846,708258.4402887803,9323988.170433056
1103,106.881755,-6.112568,11.95371236271888,708246.4821854656,9323987.659255795
1104,106.88176,-6.112568,0.5528137012625328,708247.0357117713,9323987.657319304
1105,106.881764,-6.112568,0.44225096132426434,708247.4785328167,9323987.655770108
1106,106.881769,-6.112567,0.563885893215784,708248.0324460609,9323987.764434924
1107,106.881773,-6.112567,0.44225096057968055,708248.475267108,9323987.76288572
1108,106.881778,-6.112567,0.5528137022957919,708249.0287934204,9323987.760949211
1109,106.881782,-6.112567,0.4422509621508716,708249.471614471,9323987.759399999
1110,106.881787,-6.112567,0.5528137022957919,708250.0251407863,9323987.757463481
1111,106.881791,-6.112567,0.4422509621508716,708250.4679618393,9323987.755914262
1112,106.881796,-6.112567,0.5528137007246008,708251.0214881545,9323987.753977735
1113,106.8818,-6.112567,0.4422509621508716,708251.4643092097,9323987.75242851
1114,106.881805,-6.112567,0.5528137022957919,708252.0178355306,9323987.750491971
1115,106.881809,-6.112567,0.4422509621508716,708252.460656588,9323987.748942738
1116,106.881814,-6.112567,0.5528137022957919,708253.0141829102,9323987.747006191
1117,106.881818,-6.112567,0.44225096057968055,708253.4570039687,9323987.74545695
1118,106.881823,-6.112567,0.5528137022957919,708254.0105302951,9323987.743520394
1119,106.881827,-6.112567,0.4422509621508716,708254.453351357,9323987.741971146
1120,106.881832,-6.112567,0.5528137022957919,708255.0068776862,9323987.740034582
1121,106.881836,-6.112567,0.4422509621508716,708255.4496987505,9323987.738485325
1122,106.881841,-6.112567,0.5528137007246008,708256.0032250797,9323987.736548752
1123,106.881845,-6.112567,0.4422509621508716,708256.4460461461,9323987.734999487
1124,106.88185,-6.112567,0.5528137022957919,708256.9995724811,9323987.733062904
1125,106.881854,-6.112567,0.4422509621508716,708257.4423935498,9323987.731513634
1126,106.881859,-6.112567,0.5528137022957919,708257.995919886,9323987.72957704
1127,106.881863,-6.112567,0.44225096057968055,708258.4387409557,9323987.728027763
