id,Easting,Northing,Longitude,Latitude
117,708257.000,9324007.000,106.882,-6.112
158,708256.000,9324006.500,106.882,-6.112
159,708256.500,9324006.500,106.882,-6.112
160,708257.000,9324006.500,106.882,-6.112
161,708257.500,9324006.500,106.882,-6.112
200,708255.500,9324006.000,106.882,-6.112
201,708256.000,9324006.000,106.882,-6.112
202,708256.500,9324006.000,106.882,-6.112
203,708257.000,9324006.000,106.882,-6.112
204,708257.500,9324006.000,106.882,-6.112
205,708258.000,9324006.000,106.882,-6.112
242,708255.000,9324005.500,106.882,-6.112
243,708255.500,9324005.500,106.882,-6.112
244,708256.000,9324005.500,106.882,-6.112
245,708256.500,9324005.500,106.882,-6.112
246,708257.000,9324005.500,106.882,-6.112
247,708257.500,9324005.500,106.882,-6.112
248,708258.000,9324005.500,106.882,-6.112
249,708258.500,9324005.500,106.882,-6.112
283,708254.000,9324005.000,106.882,-6.112
284,708254.500,9324005.000,106.882,-6.112
285,708255.000,9324005.000,106.882,-6.112
286,708255.500,9324005.000,106.882,-6.112
287,708256.000,9324005.000,106.882,-6.112
288,708256.500,9324005.000,106.882,-6.112
289,708257.000,9324005.000,106.882,-6.112
290,708257.500,9324005.000,106.882,-6.112
291,708258.000,9324005.000,106.882,-6.112
292,708258.500,9324005.000,106.882,-6.112
325,708253.500,9324004.500,106.882,-6.112
326,708254.000,9324004.500,106.882,-6.112
327,708254.500,9324004.500,106.882,-6.112
328,708255.000,9324004.500,106.882,-6.112
329,708255.500,9324004.500,106.882,-6.112
330,708256.000,9324004.500,106.882,-6.112
331,708256.500,9324004.500,106.882,-6.112
332,708257.000,9324004.500,106.882,-6.112
333,708257.500,9324004.500,106.882,-6.112
334,708258.000,9324004.500,106.882,-6.112
335,708258.500,9324004.500,106.882,-6.112
336,708259.000,9324004.500,106.882,-6.112
366,708252.500,9324004.000,106.882,-6.112
367,708253.000,9324004.000,106.882,-6.112
368,708253.500,9324004.000,106.882,-6.112
369,708254.000,9324004.000,106.882,-6.112
370,708254.500,9324004.000,106.882,-6.112
371,708255.000,9324004.000,106.882,-6.112
372,708255.500,9324004.000,106.882,-6.112
373,708256.000,9324004.000,106.882,-6.112
374,708256.500,9324004.000,106.882,-6.112
375,708257.000,9324004.000,106.882,-6.112
376,708257.500,9324004.000,106.882,-6.112
377,708258.000,9324004.000,106.882,-6.112
378,708258.500,9324004.000,106.882,-6.112
379,708259.000,9324004.000,106.882,-6.112
380,708259.500,9324004.000,106.882,-6.112
408,708252.000,9324003.500,106.882,-6.112
409,708252.500,9324003.500,106.882,-6.112
410,708253.000,9324003.500,106.882,-6.112
411,708253.500,9324003.500,106.882,-6.112
412,708254.000,9324003.500,106.882,-6.112
413,708254.500,9324003.500,106.882,-6.112
414,708255.000,9324003.500,106.882,-6.112
415,708255.500,9324003.500,106.882,-6.112
416,708256.000,9324003.500,106.882,-6.112
417,708256.500,9324003.500,106.882,-6.112
418,708257.000,9324003.500,106.882,-6.112
419,708257.500,9324003.500,106.882,-6.112
420,708258.000,9324003.500,106.882,-6.112
421,708258.500,9324003.500,106.882,-6.112
422,708259.000,9324003.500,106.882,-6.112
423,708259.500,9324003.500,106.882,-6.112
424,708260.000,9324003.500,106.882,-6.112
449,708251.000,9324003.000,106.882,-6.112
450,708251.500,9324003.000,106.882,-6.112
451,708252.000,9324003.000,106.882,-6.112
452,708252.500,9324003.000,106.882,-6.112
453,708253.000,9324003.000,106.882,-6.112
454,708253.500,9324003.000,106.882,-6.112
455,708254.000,9324003.000,106.882,-6.112
456,708254.500,9324003.000,106.882,-6.112
457,708255.000,9324003.000,106.882,-6.112
458,708255.500,9324003.000,106.882,-6.112
459,708256.000,9324003.000,106.882,-6.112
460,708256.500,9324003.000,106.882,-6.112
461,708257.000,9324003.000,106.882,-6.112
462,708257.500,9324003.000,106.882,-6.112
463,708258.000,9324003.000,106.882,-6.112
464,708258.500,9324003.000,106.882,-6.112
465,708259.000,9324003.000,106.882,-6.112
466,708259.500,9324003.000,106.882,-6.112
467,708260.000,9324003.000,106.882,-6.112
491,708250.500,9324002.500,106.882,-6.112
492,708251.000,9324002.500,106.882,-6.112
493,708251.500,9324002.500,106.882,-6.112
494,708252.000,9324002.500,106.882,-6.112
495,708252.500,9324002.500,106.882,-6.112
496,708253.000,9324002.500,106.882,-6.112
497,708253.500,9324002.500,106.882,-6.112
498,708254.000,9324002.500,106.882,-6.112
499,708254.500,9324002.500,106.882,-6.112
500,708255.000,9324002.500,106.882,-6.112
501,708255.500,9324002.500,106.882,-6.112
502,708256.000,9324002.500,106.882,-6.112
503,708256.500,9324002.500,106.882,-6.112
504,708257.000,9324002.500,106.882,-6.112
505,708257.500,9324002.500,106.882,-6.112
506,708258.000,9324002.500,106.882,-6.112
507,708258.500,9324002.500,106.882,-6.112
508,708259.000,9324002.500,106.882,-6.112
509,708259.500,9324002.500,106.882,-6.112
510,708260.000,9324002.500,106.882,-6.112
511,708260.500,9324002.500,106.882,-6.112
533,708250.000,9324002.000,106.882,-6.112
534,708250.500,9324002.000,106.882,-6.112
535,708251.000,9324002.000,106.882,-6.112
536,708251.500,9324002.000,106.882,-6.112
537,708252.000,9324002.000,106.882,-6.112
538,708252.500,9324002.000,106.882,-6.112
539,708253.000,9324002.000,106.882,-6.112
540,708253.500,9324002.000,106.882,-6.112
541,708254.000,9324002.000,106.882,-6.112
542,708254.500,9324002.000,106.882,-6.112
543,708255.000,9324002.000,106.882,-6.112
544,708255.500,9324002.000,106.882,-6.112
545,708256.000,9324002.000,106.882,-6.112
546,708256.500,9324002.000,106.882,-6.112
547,708257.000,9324002.000,106.882,-6.112
548,708257.500,9324002.000,106.882,-6.112
549,708258.000,9324002.000,106.882,-6.112
550,708258.500,9324002.000,106.882,-6.112
551,708259.000,9324002.000,106.882,-6.112
552,708259.500,9324002.000,106.882,-6.112
553,708260.000,9324002.000,106.882,-6.112
554,708260.500,9324002.000,106.882,-6.112
555,708261.000,9324002.000,106.882,-6.112
574,708249.000,9324001.500,106.882,-6.112
575,708249.500,9324001.500,106.882,-6.112
576,708250.000,9324001.500,106.882,-6.112
577,708250.500,9324001.500,106.882,-6.112
578,708251.000,9324001.500,106.882,-6.112
579,708251.500,9324001.500,106.882,-6.112
580,708252.000,9324001.500,106.882,-6.112
581,708252.500,9324001.500,106.882,-6.112
582,708253.000,9324001.500,106.882,-6.112
583,708253.500,9324001.500,106.882,-6.112
584,708254.000,9324001.500,106.882,-6.112
585,708254.500,9324001.500,106.882,-6.112
586,708255.000,9324001.500,106.882,-6.112
587,708255.500,9324001.500,106.882,-6.112
588,708256.000,9324001.500,106.882,-6.112
589,708256.500,9324001.500,106.882,-6.112
590,708257.000,9324001.500,106.882,-6.112
591,708257.500,9324001.500,106.882,-6.112
592,708258.000,9324001.500,106.882,-6.112
593,708258.500,9324001.500,106.882,-6.112
594,708259.000,9324001.500,106.882,-6.112
595,708259.500,9324001.500,106.882,-6.112
596,708260.000,9324001.500,106.882,-6.112
597,708260.500,9324001.500,106.882,-6.112
616,708248.500,9324001.000,106.882,-6.112
617,708249.000,9324001.000,106.882,-6.112
618,708249.500,9324001.000,106.882,-6.112
619,708250.000,9324001.000,106.882,-6.112
620,708250.500,9324001.000,106.882,-6.112
621,708251.000,9324001.000,106.882,-6.112
622,708251.500,9324001.000,106.882,-6.112
623,708252.000,9324001.000,106.882,-6.112
624,708252.500,9324001.000,106.882,-6.112
625,708253.000,9324001.000,106.882,-6.112
626,708253.500,9324001.000,106.882,-6.112
627,708254.000,9324001.000,106.882,-6.112
628,708254.500,9324001.000,106.882,-6.112
629,708255.000,9324001.000,106.882,-6.112
630,708255.500,9324001.000,106.882,-6.112
631,708256.000,9324001.000,106.882,-6.112
632,708256.500,9324001.000,106.882,-6.112
633,708257.000,9324001.000,106.882,-6.112
634,708257.500,9324001.000,106.882,-6.112
635,708258.000,9324001.000,106.882,-6.112
636,708258.500,9324001.000,106.882,-6.112
637,708259.000,9324001.000,106.882,-6.112
638,708259.500,9324001.000,106.882,-6.112
657,708247.500,9324000.500,106.882,-6.112
658,708248.000,9324000.500,106.882,-6.112
659,708248.500,9324000.500,106.882,-6.112
660,708249.000,9324000.500,106.882,-6.112
661,708249.500,9324000.500,106.882,-6.112
662,708250.000,9324000.500,106.882,-6.112
663,708250.500,9324000.500,106.882,-6.112
664,708251.000,9324000.500,106.882,-6.112
665,708251.500,9324000.500,106.882,-6.112
666,708252.000,9324000.500,106.882,-6.112
667,708252.500,9324000.500,106.882,-6.112
668,708253.000,9324000.500,106.882,-6.112
669,708253.500,9324000.500,106.882,-6.112
670,708254.000,9324000.500,106.882,-6.112
671,708254.500,9324000.500,106.882,-6.112
672,708255.000,9324000.500,106.882,-6.112
673,708255.500,9324000.500,106.882,-6.112
674,708256.000,9324000.500,106.882,-6.112
675,708256.500,9324000.500,106.882,-6.112
676,708257.000,9324000.500,106.882,-6.112
677,708257.500,9324000.500,106.882,-6.112
678,708258.000,9324000.500,106.882,-6.112
679,708258.500,9324000.500,106.882,-6.112
680,708259.000,9324000.500,106.882,-6.112
699,708247.000,9324000.000,106.882,-6.112
700,708247.500,9324000.000,106.882,-6.112
701,708248.000,9324000.000,106.882,-6.112
702,708248.500,9324000.000,106.882,-6.112
703,708249.000,9324000.000,106.882,-6.112
704,708249.500,9324000.000,106.882,-6.112
705,708250.000,9324000.000,106.882,-6.112
706,708250.500,9324000.000,106.882,-6.112
707,708251.000,9324000.000,106.882,-6.112
708,708251.500,9324000.000,106.882,-6.112
709,708252.000,9324000.000,106.882,-6.112
710,708252.500,9324000.000,106.882,-6.112
711,708253.000,9324000.000,106.882,-6.112
712,708253.500,9324000.000,106.882,-6.112
713,708254.000,9324000.000,106.882,-6.112
714,708254.500,9324000.000,106.882,-6.112
715,708255.000,9324000.000,106.882,-6.112
716,708255.500,9324000.000,106.882,-6.112
717,708256.000,9324000.000,106.882,-6.112
718,708256.500,9324000.000,106.882,-6.112
719,708257.000,9324000.000,106.882,-6.112
720,708257.500,9324000.000,106.882,-6.112
721,708258.000,9324000.000,106.882,-6.112
722,708258.500,9324000.000,106.882,-6.112
723,708259.000,9324000.000,106.882,-6.112
724,708259.500,9324000.000,106.882,-6.112
741,708246.500,9323999.500,106.882,-6.112
742,708247.000,9323999.500,106.882,-6.112
743,708247.500,9323999.500,106.882,-6.112
744,708248.000,9323999.500,106.882,-6.112
745,708248.500,9323999.500,106.882,-6.112
746,708249.000,9323999.500,106.882,-6.112
747,708249.500,9323999.500,106.882,-6.112
748,708250.000,9323999.500,106.882,-6.112
749,708250.500,9323999.500,106.882,-6.112
750,708251.000,9323999.500,106.882,-6.112
751,708251.500,9323999.500,106.882,-6.112
752,708252.000,9323999.500,106.882,-6.112
753,708252.500,9323999.500,106.882,-6.112
754,708253.000,9323999.500,106.882,-6.112
755,708253.500,9323999.500,106.882,-6.112
756,708254.000,9323999.500,106.882,-6.112
757,708254.500,9323999.500,106.882,-6.112
758,708255.000,9323999.500,106.882,-6.112
759,708255.500,9323999.500,106.882,-6.112
760,708256.000,9323999.500,106.882,-6.112
761,708256.500,9323999.500,106.882,-6.112
762,708257.000,9323999.500,106.882,-6.112
763,708257.500,9323999.500,106.882,-6.112
764,708258.000,9323999.500,106.882,-6.112
765,708258.500,9323999.500,106.882,-6.112
766,708259.000,9323999.500,106.882,-6.112
767,708259.500,9323999.500,106.882,-6.112
782,708245.500,9323999.000,106.882,-6.112
783,708246.000,9323999.000,106.882,-6.112
784,708246.500,9323999.000,106.882,-6.112
785,708247.000,9323999.000,106.882,-6.112
786,708247.500,9323999.000,106.882,-6.112
787,708248.000,9323999.000,106.882,-6.112
788,708248.500,9323999.000,106.882,-6.112
789,708249.000,9323999.000,106.882,-6.112
790,708249.500,9323999.000,106.882,-6.112
791,708250.000,9323999.000,106.882,-6.112
792,708250.500,9323999.000,106.882,-6.112
793,708251.000,9323999.000,106.882,-6.112
794,708251.500,9323999.000,106.882,-6.112
795,708252.000,9323999.000,106.882,-6.112
796,708252.500,9323999.000,106.882,-6.112
797,708253.000,9323999.000,106.882,-6.112
798,708253.500,9323999.000,106.882,-6.112
799,708254.000,9323999.000,106.882,-6.112
800,708254.500,9323999.000,106.882,-6.112
801,708255.000,9323999.000,106.882,-6.112
802,708255.500,9323999.000,106.882,-6.112
803,708256.000,9323999.000,106.882,-6.112
804,708256.500,9323999.000,106.882,-6.112
805,708257.000,9323999.000,106.882,-6.112
806,708257.500,9323999.000,106.882,-6.112
807,708258.000,9323999.000,106.882,-6.112
808,708258.500,9323999.000,106.882,-6.112
809,708259.000,9323999.000,106.882,-6.112
810,708259.500,9323999.000,106.882,-6.112
811,708260.000,9323999.000,106.882,-6.112
824,708245.000,9323998.500,106.882,-6.112
825,708245.500,9323998.500,106.882,-6.112
826,708246.000,9323998.500,106.882,-6.112
827,708246.500,9323998.500,106.882,-6.112
828,708247.000,9323998.500,106.882,-6.112
829,708247.500,9323998.500,106.882,-6.112
830,708248.000,9323998.500,106.882,-6.112
831,708248.500,9323998.500,106.882,-6.112
832,708249.000,9323998.500,106.882,-6.112
833,708249.500,9323998.500,106.882,-6.112
834,708250.000,9323998.500,106.882,-6.112
835,708250.500,9323998.500,106.882,-6.112
836,708251.000,9323998.500,106.882,-6.112
837,708251.500,9323998.500,106.882,-6.112
838,708252.000,9323998.500,106.882,-6.112
839,708252.500,9323998.500,106.882,-6.112
840,708253.000,9323998.500,106.882,-6.112
841,708253.500,9323998.500,106.882,-6.112
842,708254.000,9323998.500,106.882,-6.112
843,708254.500,9323998.500,106.882,-6.112
844,708255.000,9323998.500,106.882,-6.112
845,708255.500,9323998.500,106.882,-6.112
846,708256.000,9323998.500,106.882,-6.112
847,708256.500,9323998.500,106.882,-6.112
848,708257.000,9323998.500,106.882,-6.112
849,708257.500,9323998.500,106.882,-6.112
850,708258.000,9323998.500,106.882,-6.112
851,708258.500,9323998.500,106.882,-6.112
852,708259.000,9323998.500,106.882,-6.112
853,708259.500,9323998.500,106.882,-6.112
854,708260.000,9323998.500,106.882,-6.112
855,708260.500,9323998.500,106.882,-6.112
865,708244.000,9323998.000,106.882,-6.112
866,708244.500,9323998.000,106.882,-6.112
867,708245.000,9323998.000,106.882,-6.112
868,708245.500,9323998.000,106.882,-6.112
869,708246.000,9323998.000,106.882,-6.112
870,708246.500,9323998.000,106.882,-6.112
871,708247.000,9323998.000,106.882,-6.112
872,708247.500,9323998.000,106.882,-6.112
873,708248.000,9323998.000,106.882,-6.112
874,708248.500,9323998.000,106.882,-6.112
875,708249.000,9323998.000,106.882,-6.112
876,708249.500,9323998.000,106.882,-6.112
877,708250.000,9323998.000,106.882,-6.112
878,708250.500,9323998.000,106.882,-6.112
879,708251.000,9323998.000,106.882,-6.112
880,708251.500,9323998.000,106.882,-6.112
881,708252.000,9323998.000,106.882,-6.112
882,708252.500,9323998.000,106.882,-6.112
883,708253.000,9323998.000,106.882,-6.112
884,708253.500,9323998.000,106.882,-6.112
885,708254.000,9323998.000,106.882,-6.112
886,708254.500,9323998.000,106.882,-6.112
887,708255.000,9323998.000,106.882,-6.112
888,708255.500,9323998.000,106.882,-6.112
889,708256.000,9323998.000,106.882,-6.112
890,708256.500,9323998.000,106.882,-6.112
891,708257.000,9323998.000,106.882,-6.112
892,708257.500,9323998.000,106.882,-6.112
893,708258.000,9323998.000,106.882,-6.112
894,708258.500,9323998.000,106.882,-6.112
895,708259.000,9323998.000,106.882,-6.112
896,708259.500,9323998.000,106.882,-6.112
897,708260.000,9323998.000,106.882,-6.112
898,708260.500,9323998.000,106.882,-6.112
907,708243.500,9323997.500,106.882,-6.112
908,708244.000,9323997.500,106.882,-6.112
909,708244.500,9323997.500,106.882,-6.112
910,708245.000,9323997.500,106.882,-6.112
911,708245.500,9323997.500,106.882,-6.112
912,708246.000,9323997.500,106.882,-6.112
913,708246.500,9323997.500,106.882,-6.112
914,708247.000,9323997.500,106.882,-6.112
915,708247.500,9323997.500,106.882,-6.112
916,708248.000,9323997.500,106.882,-6.112
917,708248.500,9323997.500,106.882,-6.112
918,708249.000,9323997.500,106.882,-6.112
919,708249.500,9323997.500,106.882,-6.112
920,708250.000,9323997.500,106.882,-6.112
921,708250.500,9323997.500,106.882,-6.112
922,708251.000,9323997.500,106.882,-6.112
923,708251.500,9323997.500,106.882,-6.112
924,708252.000,9323997.500,106.882,-6.112
925,708252.500,9323997.500,106.882,-6.112
926,708253.000,9323997.500,106.882,-6.112
927,708253.500,9323997.500,106.882,-6.112
928,708254.000,9323997.500,106.882,-6.112
929,708254.500,9323997.500,106.882,-6.112
930,708255.000,9323997.500,106.882,-6.112
931,708255.500,9323997.500,106.882,-6.112
932,708256.000,9323997.500,106.882,-6.112
933,708256.500,9323997.500,106.882,-6.112
934,708257.000,9323997.500,106.882,-6.112
935,708257.500,9323997.500,106.882,-6.112
936,708258.000,9323997.500,106.882,-6.112
937,708258.500,9323997.500,106.882,-6.112
938,708259.000,9323997.500,106.882,-6.112
939,708259.500,9323997.500,106.882,-6.112
940,708260.000,9323997.500,106.882,-6.112
941,708260.500,9323997.500,106.882,-6.112
942,708261.000,9323997.500,106.882,-6.112
949,708243.000,9323997.000,106.882,-6.112
950,708243.500,9323997.000,106.882,-6.112
951,708244.000,9323997.000,106.882,-6.112
952,708244.500,9323997.000,106.882,-6.112
953,708245.000,9323997.000,106.882,-6.112
954,708245.500,9323997.000,106.882,-6.112
955,708246.000,9323997.000,106.882,-6.112
956,708246.500,9323997.000,106.882,-6.112
957,708247.000,9323997.000,106.882,-6.112
958,708247.500,9323997.000,106.882,-6.112
959,708248.000,9323997.000,106.882,-6.112
960,708248.500,9323997.000,106.882,-6.112
961,708249.000,9323997.000,106.882,-6.112
962,708249.500,9323997.000,106.882,-6.112
963,708250.000,9323997.000,106.882,-6.112
964,708250.500,9323997.000,106.882,-6.112
965,708251.000,9323997.000,106.882,-6.112
966,708251.500,9323997.000,106.882,-6.112
967,708252.000,9323997.000,106.882,-6.112
968,708252.500,9323997.000,106.882,-6.112
969,708253.000,9323997.000,106.882,-6.112
970,708253.500,9323997.000,106.882,-6.112
971,708254.000,9323997.000,106.882,-6.112
972,708254.500,9323997.000,106.882,-6.112
973,708255.000,9323997.000,106.882,-6.112
974,708255.500,9323997.000,106.882,-6.112
975,708256.000,9323997.000,106.882,-6.112
976,708256.500,9323997.000,106.882,-6.112
977,708257.000,9323997.000,106.882,-6.112
978,708257.500,9323997.000,106.882,-6.112
979,708258.000,9323997.000,106.882,-6.112
980,708258.500,9323997.000,106.882,-6.112
981,708259.000,9323997.000,106.882,-6.112
982,708259.500,9323997.000,106.882,-6.112
983,708260.000,9323997.000,106.882,-6.112
984,708260.500,9323997.000,106.882,-6.112
985,708261.000,9323997.000,106.882,-6.112
990,708242.000,9323996.500,106.882,-6.112
991,708242.500,9323996.500,106.882,-6.112
992,708243.000,9323996.500,106.882,-6.112
993,708243.500,9323996.500,106.882,-6.112
994,708244.000,9323996.500,106.882,-6.112
995,708244.500,9323996.500,106.882,-6.112
996,708245.000,9323996.500,106.882,-6.112
997,708245.500,9323996.500,106.882,-6.112
998,708246.000,9323996.500,106.882,-6.112
999,708246.500,9323996.500,106.882,-6.112
1000,708247.000,9323996.500,106.882,-6.112
1001,708247.500,9323996.500,106.882,-6.112
1002,708248.000,9323996.500,106.882,-6.112
1003,708248.500,9323996.500,106.882,-6.112
1004,708249.000,9323996.500,106.882,-6.112
1005,708249.500,9323996.500,106.882,-6.112
1006,708250.000,9323996.500,106.882,-6.112
1007,708250.500,9323996.500,106.882,-6.112
1008,708251.000,9323996.500,106.882,-6.112
1009,708251.500,9323996.500,106.882,-6.112
1010,708252.000,9323996.500,106.882,-6.112
1011,708252.500,9323996.500,106.882,-6.112
1012,708253.000,9323996.500,106.882,-6.112
1013,708253.500,9323996.500,106.882,-6.112
1014,708254.000,9323996.500,106.882,-6.112
1015,708254.500,9323996.500,106.882,-6.112
1016,708255.000,9323996.500,106.882,-6.112
1017,708255.500,9323996.500,106.882,-6.112
1018,708256.000,9323996.500,106.882,-6.112
1019,708256.500,9323996.500,106.882,-6.112
1020,708257.000,9323996.500,106.882,-6.112
1021,708257.500,9323996.500,106.882,-6.112
1022,708258.000,9323996.500,106.882,-6.112
1023,708258.500,9323996.500,106.882,-6.112
1024,708259.000,9323996.500,106.882,-6.112
1025,708259.500,9323996.500,106.882,-6.112
1026,708260.000,9323996.500,106.882,-6.112
1027,708260.500,9323996.500,106.882,-6.112
1028,708261.000,9323996.500,106.882,-6.112
1029,708261.500,9323996.500,106.882,-6.112
1033,708242.000,9323996.000,106.882,-6.112
1034,708242.500,9323996.000,106.882,-6.112
1035,708243.000,9323996.000,106.882,-6.112
1036,708243.500,9323996.000,106.882,-6.112
1037,708244.000,9323996.000,106.882,-6.112
1038,708244.500,9323996.000,106.882,-6.112
1039,708245.000,9323996.000,106.882,-6.112
1040,708245.500,9323996.000,106.882,-6.112
1041,708246.000,9323996.000,106.882,-6.112
1042,708246.500,9323996.000,106.882,-6.112
1043,708247.000,9323996.000,106.882,-6.112
1044,708247.500,9323996.000,106.882,-6.112
1045,708248.000,9323996.000,106.882,-6.112
1046,708248.500,9323996.000,106.882,-6.112
1047,708249.000,9323996.000,106.882,-6.112
1048,708249.500,9323996.000,106.882,-6.112
1049,708250.000,9323996.000,106.882,-6.112
1050,708250.500,9323996.000,106.882,-6.112
1051,708251.000,9323996.000,106.882,-6.112
1052,708251.500,9323996.000,106.882,-6.112
1053,708252.000,9323996.000,106.882,-6.112
1054,708252.500,9323996.000,106.882,-6.112
1055,708253.000,9323996.000,106.882,-6.112
1056,708253.500,9323996.000,106.882,-6.112
1057,708254.000,9323996.000,106.882,-6.112
1058,708254.500,9323996.000,106.882,-6.112
1059,708255.000,9323996.000,106.882,-6.112
1060,708255.500,9323996.000,106.882,-6.112
1061,708256.000,9323996.000,106.882,-6.112
1062,708256.500,9323996.000,106.882,-6.112
1063,708257.000,9323996.000,106.882,-6.112
1064,708257.500,9323996.000,106.882,-6.112
1065,708258.000,9323996.000,106.882,-6.112
1066,708258.500,9323996.000,106.882,-6.112
1067,708259.000,9323996.000,106.882,-6.112
1068,708259.500,9323996.000,106.882,-6.112
1069,708260.000,9323996.000,106.882,-6.112
1070,708260.500,9323996.000,106.882,-6.112
1071,708261.000,9323996.000,106.882,-6.112
1072,708261.500,9323996.000,106.882,-6.112
1073,708262.000,9323996.000,106.882,-6.112
1077,708242.500,9323995.500,106.882,-6.112
1078,708243.000,9323995.500,106.882,-6.112
1079,708243.500,9323995.500,106.882,-6.112
1080,708244.000,9323995.500,106.882,-6.112
1081,708244.500,9323995.500,106.882,-6.112
1082,708245.000,9323995.500,106.882,-6.112
1083,708245.500,9323995.500,106.882,-6.112
1084,708246.000,9323995.500,106.882,-6.112
1085,708246.500,9323995.500,106.882,-6.112
1086,708247.000,9323995.500,106.882,-6.112
1087,708247.500,9323995.500,106.882,-6.112
1088,708248.000,9323995.500,106.882,-6.112
1089,708248.500,9323995.500,106.882,-6.112
1090,708249.000,9323995.500,106.882,-6.112
1091,708249.500,9323995.500,106.882,-6.112
1092,708250.000,9323995.500,106.882,-6.112
1093,708250.500,9323995.500,106.882,-6.112
1094,708251.000,9323995.500,106.882,-6.112
1095,708251.500,9323995.500,106.882,-6.112
1096,708252.000,9323995.500,106.882,-6.112
1097,708252.500,9323995.500,106.882,-6.112
1098,708253.000,9323995.500,106.882,-6.112
1099,708253.500,9323995.500,106.882,-6.112
1100,708254.000,9323995.500,106.882,-6.112
1101,708254.500,9323995.500,106.882,-6.112
1102,708255.000,9323995.500,106.882,-6.112
1103,708255.500,9323995.500,106.882,-6.112
1104,708256.000,9323995.500,106.882,-6.112
1105,708256.500,9323995.500,106.882,-6.112
1106,708257.000,9323995.500,106.882,-6.112
1107,708257.500,9323995.500,106.882,-6.112
1108,708258.000,9323995.500,106.882,-6.112
1109,708258.500,9323995.500,106.882,-6.112
1110,708259.000,9323995.500,106.882,-6.112
1111,708259.500,9323995.500,106.882,-6.112
1112,708260.000,9323995.500,106.882,-6.112
1113,708260.500,9323995.500,106.882,-6.112
1114,708261.000,9323995.500,106.882,-6.112
1115,708261.500,9323995.500,106.882,-6.112
1116,708262.000,9323995.500,106.882,-6.112
1121,708243.000,9323995.000,106.882,-6.113
1122,708243.500,9323995.000,106.882,-6.113
1123,708244.000,9323995.000,106.882,-6.113
1124,708244.500,9323995.000,106.882,-6.113
1125,708245.000,9323995.000,106.882,-6.113
1126,708245.500,9323995.000,106.882,-6.113
1127,708246.000,9323995.000,106.882,-6.113
1128,708246.500,9323995.000,106.882,-6.113
1129,708247.000,9323995.000,106.882,-6.113
1130,708247.500,9323995.000,106.882,-6.113
1131,708248.000,9323995.000,106.882,-6.113
1132,708248.500,9323995.000,106.882,-6.113
1133,708249.000,9323995.000,106.882,-6.113
1134,708249.500,9323995.000,106.882,-6.113
1135,708250.000,9323995.000,106.882,-6.113
1136,708250.500,9323995.000,106.882,-6.113
1137,708251.000,9323995.000,106.882,-6.113
1138,708251.500,9323995.000,106.882,-6.113
1139,708252.000,9323995.000,106.882,-6.113
1140,708252.500,9323995.000,106.882,-6.113
1141,708253.000,9323995.000,106.882,-6.113
1142,708253.500,9323995.000,106.882,-6.113
1143,708254.000,9323995.000,106.882,-6.113
1144,708254.500,9323995.000,106.882,-6.113
1145,708255.000,9323995.000,106.882,-6.113
1146,708255.500,9323995.000,106.882,-6.113
1147,708256.000,9323995.000,106.882,-6.113
1148,708256.500,9323995.000,106.882,-6.113
1149,708257.000,9323995.000,106.882,-6.113
1150,708257.500,9323995.000,106.882,-6.113
1151,708258.000,9323995.000,106.882,-6.113
1152,708258.500,9323995.000,106.882,-6.113
1153,708259.000,9323995.000,106.882,-6.113
1154,708259.500,9323995.000,106.882,-6.113
1155,708260.000,9323995.000,106.882,-6.113
1156,708260.500,9323995.000,106.882,-6.113
1157,708261.000,9323995.000,106.882,-6.113
1158,708261.500,9323995.000,106.882,-6.113
1159,708262.000,9323995.000,106.882,-6.113
1164,708243.000,9323994.500,106.882,-6.113
1165,708243.500,9323994.500,106.882,-6.113
1166,708244.000,9323994.500,106.882,-6.113
1167,708244.500,9323994.500,106.882,-6.113
1168,708245.000,9323994.500,106.882,-6.113
1169,708245.500,9323994.500,106.882,-6.113
1170,708246.000,9323994.500,106.882,-6.113
1171,708246.500,9323994.500,106.882,-6.113
1172,708247.000,9323994.500,106.882,-6.113
1173,708247.500,9323994.500,106.882,-6.113
1174,708248.000,9323994.500,106.882,-6.113
1175,708248.500,9323994.500,106.882,-6.113
1176,708249.000,9323994.500,106.882,-6.113
1177,708249.500,9323994.500,106.882,-6.113
1178,708250.000,9323994.500,106.882,-6.113
1179,708250.500,9323994.500,106.882,-6.113
1180,708251.000,9323994.500,106.882,-6.113
1181,708251.500,9323994.500,106.882,-6.113
1182,708252.000,9323994.500,106.882,-6.113
1183,708252.500,9323994.500,106.882,-6.113
1184,708253.000,9323994.500,106.882,-6.113
1185,708253.500,9323994.500,106.882,-6.113
1186,708254.000,9323994.500,106.882,-6.113
1187,708254.500,9323994.500,106.882,-6.113
1188,708255.000,9323994.500,106.882,-6.113
1189,708255.500,9323994.500,106.882,-6.113
1190,708256.000,9323994.500,106.882,-6.113
1191,708256.500,9323994.500,106.882,-6.113
1192,708257.000,9323994.500,106.882,-6.113
1193,708257.500,9323994.500,106.882,-6.113
1194,708258.000,9323994.500,106.882,-6.113
1195,708258.500,9323994.500,106.882,-6.113
1196,708259.000,9323994.500,106.882,-6.113
1197,708259.500,9323994.500,106.882,-6.113
1198,708260.000,9323994.500,106.882,-6.113
1199,708260.500,9323994.500,106.882,-6.113
1200,708261.000,9323994.500,106.882,-6.113
1201,708261.500,9323994.500,106.882,-6.113
1208,708243.500,9323994.000,106.882,-6.113
1209,708244.000,9323994.000,106.882,-6.113
1210,708244.500,9323994.000,106.882,-6.113
1211,708245.000,9323994.000,106.882,-6.113
1212,708245.500,9323994.000,106.882,-6.113
1213,708246.000,9323994.000,106.882,-6.113
1214,708246.500,9323994.000,106.882,-6.113
1215,708247.000,9323994.000,106.882,-6.113
1216,708247.500,9323994.000,106.882,-6.113
1217,708248.000,9323994.000,106.882,-6.113
1218,708248.500,9323994.000,106.882,-6.113
1219,708249.000,9323994.000,106.882,-6.113
1220,708249.500,9323994.000,106.882,-6.113
1221,708250.000,9323994.000,106.882,-6.113
1222,708250.500,9323994.000,106.882,-6.113
1223,708251.000,9323994.000,106.882,-6.113
1224,708251.500,9323994.000,106.882,-6.113
1225,708252.000,9323994.000,106.882,-6.113
1226,708252.500,9323994.000,106.882,-6.113
1227,708253.000,9323994.000,106.882,-6.113
1228,708253.500,9323994.000,106.882,-6.113
1229,708254.000,9323994.000,106.882,-6.113
1230,708254.500,9323994.000,106.882,-6.113
1231,708255.000,9323994.000,106.882,-6.113
1232,708255.500,9323994.000,106.882,-6.113
1233,708256.000,9323994.000,106.882,-6.113
1234,708256.500,9323994.000,106.882,-6.113
1235,708257.000,9323994.000,106.882,-6.113
1236,708257.500,9323994.000,106.882,-6.113
1237,708258.000,9323994.000,106.882,-6.113
1238,708258.500,9323994.000,106.882,-6.113
1239,708259.000,9323994.000,106.882,-6.113
1240,708259.500,9323994.000,106.882,-6.113
1241,708260.000,9323994.000,106.882,-6.113
1242,708260.500,9323994.000,106.882,-6.113
1252,708244.000,9323993.500,106.882,-6.113
1253,708244.500,9323993.500,106.882,-6.113
1254,708245.000,9323993.500,106.882,-6.113
1255,708245.500,9323993.500,106.882,-6.113
1256,708246.000,9323993.500,106.882,-6.113
1257,708246.500,9323993.500,106.882,-6.113
1258,708247.000,9323993.500,106.882,-6.113
1259,708247.500,9323993.500,106.882,-6.113
1260,708248.000,9323993.500,106.882,-6.113
1261,708248.500,9323993.500,106.882,-6.113
1262,708249.000,9323993.500,106.882,-6.113
1263,708249.500,9323993.500,106.882,-6.113
1264,708250.000,9323993.500,106.882,-6.113
1265,708250.500,9323993.500,106.882,-6.113
1266,708251.000,9323993.500,106.882,-6.113
1267,708251.500,9323993.500,106.882,-6.113
1268,708252.000,9323993.500,106.882,-6.113
1269,708252.500,9323993.500,106.882,-6.113
1270,708253.000,9323993.500,106.882,-6.113
1271,708253.500,9323993.500,106.882,-6.113
1272,708254.000,9323993.500,106.882,-6.113
1273,708254.500,9323993.500,106.882,-6.113
1274,708255.000,9323993.500,106.882,-6.113
1275,708255.500,9323993.500,106.882,-6.113
1276,708256.000,9323993.500,106.882,-6.113
1277,708256.500,9323993.500,106.882,-6.113
1278,708257.000,9323993.500,106.882,-6.113
1279,708257.500,9323993.500,106.882,-6.113
1280,708258.000,9323993.500,106.882,-6.113
1281,708258.500,9323993.500,106.882,-6.113
1282,708259.000,9323993.500,106.882,-6.113
1283,708259.500,9323993.500,106.882,-6.113
1284,708260.000,9323993.500,106.882,-6.113
1296,708244.500,9323993.000,106.882,-6.113
1297,708245.000,9323993.000,106.882,-6.113
1298,708245.500,9323993.000,106.882,-6.113
1299,708246.000,9323993.000,106.882,-6.113
1300,708246.500,9323993.000,106.882,-6.113
1301,708247.000,9323993.000,106.882,-6.113
1302,708247.500,9323993.000,106.882,-6.113
1303,708248.000,9323993.000,106.882,-6.113
1304,708248.500,9323993.000,106.882,-6.113
1305,708249.000,9323993.000,106.882,-6.113
1306,708249.500,9323993.000,106.882,-6.113
1307,708250.000,9323993.000,106.882,-6.113
1308,708250.500,9323993.000,106.882,-6.113
1309,708251.000,9323993.000,106.882,-6.113
1310,708251.500,9323993.000,106.882,-6.113
1311,708252.000,9323993.000,106.882,-6.113
1312,708252.500,9323993.000,106.882,-6.113
1313,708253.000,9323993.000,106.882,-6.113
1314,708253.500,9323993.000,106.882,-6.113
1315,708254.000,9323993.000,106.882,-6.113
1316,708254.500,9323993.000,106.882,-6.113
1317,708255.000,9323993.000,106.882,-6.113
1318,708255.500,9323993.000,106.882,-6.113
1319,708256.000,9323993.000,106.882,-6.113
1320,708256.500,9323993.000,106.882,-6.113
1321,708257.000,9323993.000,106.882,-6.113
1322,708257.500,9323993.000,106.882,-6.113
1323,708258.000,9323993.000,106.882,-6.113
1324,708258.500,9323993.000,106.882,-6.113
1325,708259.000,9323993.000,106.882,-6.113
1339,708244.500,9323992.500,106.882,-6.113
1340,708245.000,9323992.500,106.882,-6.113
1341,708245.500,9323992.500,106.882,-6.113
1342,708246.000,9323992.500,106.882,-6.113
1343,708246.500,9323992.500,106.882,-6.113
1344,708247.000,9323992.500,106.882,-6.113
1345,708247.500,9323992.500,106.882,-6.113
1346,708248.000,9323992.500,106.882,-6.113
1347,708248.500,9323992.500,106.882,-6.113
1348,708249.000,9323992.500,106.882,-6.113
1349,708249.500,9323992.500,106.882,-6.113
1350,708250.000,9323992.500,106.882,-6.113
1351,708250.500,9323992.500,106.882,-6.113
1352,708251.000,9323992.500,106.882,-6.113
1353,708251.500,9323992.500,106.882,-6.113
1354,708252.000,9323992.500,106.882,-6.113
1355,708252.500,9323992.500,106.882,-6.113
1356,708253.000,9323992.500,106.882,-6.113
1357,708253.500,9323992.500,106.882,-6.113
1358,708254.000,9323992.500,106.882,-6.113
1359,708254.500,9323992.500,106.882,-6.113
1360,708255.000,9323992.500,106.882,-6.113
1361,708255.500,9323992.500,106.882,-6.113
1362,708256.000,9323992.500,106.882,-6.113
1363,708256.500,9323992.500,106.882,-6.113
1364,708257.000,9323992.500,106.882,-6.113
1365,708257.500,9323992.500,106.882,-6.113
1366,708258.000,9323992.500,106.882,-6.113
1367,708258.500,9323992.500,106.882,-6.113
1383,708245.000,9323992.000,106.882,-6.113
1384,708245.500,9323992.000,106.882,-6.113
1385,708246.000,9323992.000,106.882,-6.113
1386,708246.500,9323992.000,106.882,-6.113
1387,708247.000,9323992.000,106.882,-6.113
1388,708247.500,9323992.000,106.882,-6.113
1389,708248.000,9323992.000,106.882,-6.113
1390,708248.500,9323992.000,106.882,-6.113
1391,708249.000,9323992.000,106.882,-6.113
1392,708249.500,9323992.000,106.882,-6.113
1393,708250.000,9323992.000,106.882,-6.113
1394,708250.500,9323992.000,106.882,-6.113
1395,708251.000,9323992.000,106.882,-6.113
1396,708251.500,9323992.000,106.882,-6.113
1397,708252.000,9323992.000,106.882,-6.113
1398,708252.500,9323992.000,106.882,-6.113
1399,708253.000,9323992.000,106.882,-6.113
1400,708253.500,9323992.000,106.882,-6.113
1401,708254.000,9323992.000,106.882,-6.113
1402,708254.500,9323992.000,106.882,-6.113
1403,708255.000,9323992.000,106.882,-6.113
1404,708255.500,9323992.000,106.882,-6.113
1405,708256.000,9323992.000,106.882,-6.113
1406,708256.500,9323992.000,106.882,-6.113
1407,708257.000,9323992.000,106.882,-6.113
1408,708257.500,9323992.000,106.882,-6.113
1427,708245.500,9323991.500,106.882,-6.113
1428,708246.000,9323991.500,106.882,-6.113
1429,708246.500,9323991.500,106.882,-6.113
1430,708247.000,9323991.500,106.882,-6.113
1431,708247.500,9323991.500,106.882,-6.113
1432,708248.000,9323991.500,106.882,-6.113
1433,708248.500,9323991.500,106.882,-6.113
1434,708249.000,9323991.500,106.882,-6.113
1435,708249.500,9323991.500,106.882,-6.113
1436,708250.000,9323991.500,106.882,-6.113
1437,708250.500,9323991.500,106.882,-6.113
1438,708251.000,9323991.500,106.882,-6.113
1439,708251.500,9323991.500,106.882,-6.113
1440,708252.000,9323991.500,106.882,-6.113
1441,708252.500,9323991.500,106.882,-6.113
1442,708253.000,9323991.500,106.882,-6.113
1443,708253.500,9323991.500,106.882,-6.113
1444,708254.000,9323991.500,106.882,-6.113
1445,708254.500,9323991.500,106.882,-6.113
1446,708255.000,9323991.500,106.882,-6.113
1447,708255.500,9323991.500,106.882,-6.113
1448,708256.000,9323991.500,106.882,-6.113
1449,708256.500,9323991.500,106.882,-6.113
1450,708257.000,9323991.500,106.882,-6.113
1471,708246.000,9323991.000,106.882,-6.113
1472,708246.500,9323991.000,106.882,-6.113
1473,708247.000,9323991.000,106.882,-6.113
1474,708247.500,9323991.000,106.882,-6.113
1475,708248.000,9323991.000,106.882,-6.113
1476,708248.500,9323991.000,106.882,-6.113
1477,708249.000,9323991.000,106.882,-6.113
1478,708249.500,9323991.000,106.882,-6.113
1479,708250.000,9323991.000,106.882,-6.113
1480,708250.500,9323991.000,106.882,-6.113
1481,708251.000,9323991.000,106.882,-6.113
1482,708251.500,9323991.000,106.882,-6.113
1483,708252.000,9323991.000,106.882,-6.113
1484,708252.500,9323991.000,106.882,-6.113
1485,708253.000,9323991.000,106.882,-6.113
1486,708253.500,9323991.000,106.882,-6.113
1487,708254.000,9323991.000,106.882,-6.113
1488,708254.500,9323991.000,106.882,-6.113
1489,708255.000,9323991.000,106.882,-6.113
1490,708255.500,9323991.000,106.882,-6.113
1491,708256.000,9323991.000,106.882,-6.113
1515,708246.500,9323990.500,106.882,-6.113
1516,708247.000,9323990.500,106.882,-6.113
1517,708247.500,9323990.500,106.882,-6.113
1518,708248.000,9323990.500,106.882,-6.113
1519,708248.500,9323990.500,106.882,-6.113
1520,708249.000,9323990.500,106.882,-6.113
1521,708249.500,9323990.500,106.882,-6.113
1522,708250.000,9323990.500,106.882,-6.113
1523,708250.500,9323990.500,106.882,-6.113
1524,708251.000,9323990.500,106.882,-6.113
1525,708251.500,9323990.500,106.882,-6.113
1526,708252.000,9323990.500,106.882,-6.113
1527,708252.500,9323990.500,106.882,-6.113
1528,708253.000,9323990.500,106.882,-6.113
1529,708253.500,9323990.500,106.882,-6.113
1530,708254.000,9323990.500,106.882,-6.113
1531,708254.500,9323990.500,106.882,-6.113
1532,708255.000,9323990.500,106.882,-6.113
1533,708255.500,9323990.500,106.882,-6.113
1558,708246.500,9323990.000,106.882,-6.113
1559,708247.000,9323990.000,106.882,-6.113
1560,708247.500,9323990.000,106.882,-6.113
1561,708248.000,9323990.000,106.882,-6.113
1562,708248.500,9323990.000,106.882,-6.113
1563,708249.000,9323990.000,106.882,-6.113
1564,708249.500,9323990.000,106.882,-6.113
1565,708250.000,9323990.000,106.882,-6.113
1566,708250.500,9323990.000,106.882,-6.113
1567,708251.000,9323990.000,106.882,-6.113
1568,708251.500,9323990.000,106.882,-6.113
1569,708252.000,9323990.000,106.882,-6.113
1570,708252.500,9323990.000,106.882,-6.113
1571,708253.000,9323990.000,106.882,-6.113
1572,708253.500,9323990.000,106.882,-6.113
1573,708254.000,9323990.000,106.882,-6.113
1574,708254.500,9323990.000,106.882,-6.113
1602,708247.000,9323989.500,106.882,-6.113
1603,708247.500,9323989.500,106.882,-6.113
1604,708248.000,9323989.500,106.882,-6.113
1605,708248.500,9323989.500,106.882,-6.113
1606,708249.000,9323989.500,106.882,-6.113
1607,708249.500,9323989.500,106.882,-6.113
1608,708250.000,9323989.500,106.882,-6.113
1609,708250.500,9323989.500,106.882,-6.113
1610,708251.000,9323989.500,106.882,-6.113
1611,708251.500,9323989.500,106.882,-6.113
1612,708252.000,9323989.500,106.882,-6.113
1613,708252.500,9323989.500,106.882,-6.113
1614,708253.000,9323989.500,106.882,-6.113
1615,708253.500,9323989.500,106.882,-6.113
1616,708254.000,9323989.500,106.882,-6.113
1646,708247.500,9323989.000,106.882,-6.113
1647,708248.000,9323989.000,106.882,-6.113
1648,708248.500,9323989.000,106.882,-6.113
1649,708249.000,9323989.000,106.882,-6.113
1650,708249.500,9323989.000,106.882,-6.113
1651,708250.000,9323989.000,106.882,-6.113
1652,708250.500,9323989.000,106.882,-6.113
1653,708251.000,9323989.000,106.882,-6.113
1654,708251.500,9323989.000,106.882,-6.113
1655,708252.000,9323989.000,106.882,-6.113
1656,708252.500,9323989.000,106.882,-6.113
1657,708253.000,9323989.000,106.882,-6.113
1690,708248.000,9323988.500,106.882,-6.113
1691,708248.500,9323988.500,106.882,-6.113
1692,708249.000,9323988.500,106.882,-6.113
1693,708249.500,9323988.500,106.882,-6.113
1694,708250.000,9323988.500,106.882,-6.113
1695,708250.500,9323988.500,106.882,-6.113
1696,708251.000,9323988.500,106.882,-6.113
1697,708251.500,9323988.500,106.882,-6.113
1698,708252.000,9323988.500,106.882,-6.113
1699,708252.500,9323988.500,106.882,-6.113
1733,708248.000,9323988.000,106.882,-6.113
1734,708248.500,9323988.000,106.882,-6.113
1735,708249.000,9323988.000,106.882,-6.113
1736,708249.500,9323988.000,106.882,-6.113
1737,708250.000,9323988.000,106.882,-6.113
1738,708250.500,9323988.000,106.882,-6.113
1739,708251.000,9323988.000,106.882,-6.113
1740,708251.500,9323988.000,106.882,-6.113
1777,708248.500,9323987.500,106.882,-6.113
1778,708249.000,9323987.500,106.882,-6.113
1779,708249.500,9323987.500,106.882,-6.113
1780,708250.000,9323987.500,106.882,-6.113
1781,708250.500,9323987.500,106.882,-6.113
1782,708251.000,9323987.500,106.882,-6.113
1821,708249.000,9323987.000,106.882,-6.113
1822,708249.500,9323987.000,106.882,-6.113
1823,708250.000,9323987.000,106.882,-6.113
1865,708249.500,9323986.500,106.882,-6.113
